Country Code,Title,Link,Publication Date,Approx Traffic,Description,Picture,Picture Source,News Item Titles,News Item URLs,News Item Pictures,News Item Sources
AT,jaime faria,https://trends.google.com/trending/rss?geo=AT,"Tue, 14 Jan 2025 21:10:00 -0800",100+,,https://encrypted-tbn2.gstatic.com/images?q=tbn:ANd9GcS1YR3aZgchV23wGP4N8tOt5yTznTTgAQqT9tui62wh_0nYWIycTsCvA8qhHVU,Yahoo Sports,"Australian Open 2025: How to watch the Aryna Sabalenka vs. Jessica Bouzas Maneiro match today; Novak Djokovic vs Jaime Faria prediction, betting tips & odds, head-to-head, preview: Australian Open 2025; Novak Djokovic vs Jaime Faria LIVE Score Updates, Stream Info and How to Watch Australian Open Match",https://sports.yahoo.com/australian-open-2025-how-to-watch-the-aryna-sabalenka-vs-jessica-bouzas-maneiro-match-today-201515152.html; https://khelnow.com/tennis/australian-open-novak-djokovic-vs-jaime-faria-prediction-202501; https://www.vavel.com/en-us/tennis-usa/2025/01/15/1210087-djokovic-vs-faria-live-score-updates-stream-info-and-how-to-watch-australian-open-match.html,https://encrypted-tbn2.gstatic.com/images?q=tbn:ANd9GcS1YR3aZgchV23wGP4N8tOt5yTznTTgAQqT9tui62wh_0nYWIycTsCvA8qhHVU; https://encrypted-tbn1.gstatic.com/images?q=tbn:ANd9GcQqXPJ8QaOnChKHIWI3p70H0S2Aisdh6DmXytvceLV9AAzijvERSr9OA_Ty33s; https://encrypted-tbn1.gstatic.com/images?q=tbn:ANd9GcT7_BDrz5tk-zwSncaVYS15PGBCwYoreNTzusGwnpqu4uo0TxGKDd4Z0Y57ruI,Yahoo Sports; Khel Now; VAVEL.com
AT,laumat,https://trends.google.com/trending/rss?geo=AT,"Tue, 14 Jan 2025 20:50:00 -0800",500+,,https://encrypted-tbn3.gstatic.com/images?q=tbn:ANd9GcSSk28D8fUU1eBY0CjSxKRiHY9wIJq6FGHLDhFLnuifj3D_HbLNfq6JewQLin8,ooe.ORF.at,38-Jähriger angeschossen: Großfahndung; Schüsse in Linz: Das ist bisher bekannt; Streit eskaliert - Mann durch Schuss schwer verletzt,https://ooe.orf.at/stories/3288971/; https://www.tips.at/nachrichten/linz/blaulicht/671738-schuesse-in-linz-das-ist-bisher-bekannt; https://www.fotokerschi.at/blog/streit-eskaliert-mann-durch-schuss-schwer-verletzt,https://encrypted-tbn3.gstatic.com/images?q=tbn:ANd9GcSSk28D8fUU1eBY0CjSxKRiHY9wIJq6FGHLDhFLnuifj3D_HbLNfq6JewQLin8; https://encrypted-tbn2.gstatic.com/images?q=tbn:ANd9GcQkM-MouQwUigjctyZIAFYz_P1ctiV2tIJX5WuBJt8Q4E7QuoD3t6igJwFq93o; https://encrypted-tbn3.gstatic.com/images?q=tbn:ANd9GcSakK4oC3o_6P6-3fxbDbc4VYXJOtH1TEOp36AzLUxrXbEkR9Ih5QJ0OnWErsM,ooe.ORF.at; Tips.at; Fotokerschi
AT,wien wetter,https://trends.google.com/trending/rss?geo=AT,"Tue, 14 Jan 2025 20:20:00 -0800",200+,,https://encrypted-tbn0.gstatic.com/images?q=tbn:ANd9GcRIPiiXGWkiJrRp-LdodS8FUAk8602VqDoY7mj8yEMWMZ_eAeQUbsweopvhV1c,MeinBezirk.at,Wetter in Wien: Leichter Schneefall und Regen am Mittwoch erwatet; Österreich: Hochdruck bringt sonnigen Dienstag – Wolken im Norden; Trübes Winterwetter in Wien: Schnee und Regen wechseln sich ab,https://www.meinbezirk.at/wien/c-lokales/leichter-schneefall-und-regen-am-mittwoch-erwatet_a7102882; https://www.5min.at/5202501132128/oesterreich-hochdruck-bringt-sonnigen-dienstag-wolken-im-norden/; https://www.msn.com/de-at/nachrichten/other/tr%C3%BCbes-winterwetter-in-wien-schnee-und-regen-wechseln-sich-ab/ar-BB1rs5Nk,https://encrypted-tbn0.gstatic.com/images?q=tbn:ANd9GcRIPiiXGWkiJrRp-LdodS8FUAk8602VqDoY7mj8yEMWMZ_eAeQUbsweopvhV1c; https://encrypted-tbn1.gstatic.com/images?q=tbn:ANd9GcSLcvqDiCvO1KLIVPm1rC_EXOxVhuowMWaLL0BpY39hEZjgNx1ER2qKIqXfMYs; https://encrypted-tbn1.gstatic.com/images?q=tbn:ANd9GcRCwSDyE9BeH_zktqCNjHPg5SnEjHzfYGK6zL798Ufe0daZe-WDT1ZZ36b_DQY,MeinBezirk.at; 5 Minuten; MSN
AT,novak djokovic,https://trends.google.com/trending/rss?geo=AT,"Tue, 14 Jan 2025 19:20:00 -0800",1000+,,https://encrypted-tbn1.gstatic.com/images?q=tbn:ANd9GcTFVggh6VXsEREYb7EAgqocFlvM4oZOEnc-bunPUUl-CVEYkHLonJAuwgn3Ie8,The West Australian,Surfin Serbians! Djokovic rips up waves with daughter; Novak Djokovic's wife Jelena's one-word response over sad Australian Open absence; Novak Djokovic's sad confession about wife as she cheers him on to Australian Open win,https://thewest.com.au/sport/tennis/australian-open-novak-djokovic-laps-up-aussie-lifestyle-with-daughter-ahead-of-grand-slam-c-17362414; https://www.the-express.com/sport/tennis/160494/Novak-Djokovic-wife-Jelena-Australian-Open; https://www.express.co.uk/sport/tennis/1999672/novak-djokovic-basavareddy-australian-open-jelena,https://encrypted-tbn1.gstatic.com/images?q=tbn:ANd9GcTFVggh6VXsEREYb7EAgqocFlvM4oZOEnc-bunPUUl-CVEYkHLonJAuwgn3Ie8; https://encrypted-tbn2.gstatic.com/images?q=tbn:ANd9GcR387JHhCBHSRjbYI-IEE8ETvRLd-0fKsXJc6pElWMtr693_K68hPo8WuXexBw; https://encrypted-tbn1.gstatic.com/images?q=tbn:ANd9GcTFKl4sAyHZeK5I6B40ab3hqbqidL-yNQAJSdWjoiZgFQEtZsNV_NYB12n5hZY,The West Australian; Daily Express US; Daily Express
AT,xrp,https://trends.google.com/trending/rss?geo=AT,"Tue, 14 Jan 2025 17:30:00 -0800",200+,,https://encrypted-tbn1.gstatic.com/images?q=tbn:ANd9GcRUCWrOD-TDAk_RFXa3CdViyMyMDNsRGIOsmOM4wThkEz2k50kvJEDYgsY_eeU,Forbes,"Leak Reveals Imminent Trump Game-Changer—$100 Trillion Bitcoin Price Predicted; Report: Trump’s First-Day Executive Orders to Target Biden’s Crypto Policies; Under Trump, cryptocurrency is set to go mainstream – but that won’t make it any safer for investors | Larisa Yarovaya",https://www.forbes.com/sites/digital-assets/2025/01/14/leak-reveals-imminent-trump-game-changer-100-trillion-bitcoin-price-predicted/; https://news.bitcoin.com/report-trumps-first-day-executive-orders-to-target-bidens-crypto-policies/; https://www.theguardian.com/commentisfree/2025/jan/13/trump-cryptocurrency-mainstream-safer-investors,https://encrypted-tbn1.gstatic.com/images?q=tbn:ANd9GcRUCWrOD-TDAk_RFXa3CdViyMyMDNsRGIOsmOM4wThkEz2k50kvJEDYgsY_eeU; https://encrypted-tbn1.gstatic.com/images?q=tbn:ANd9GcRbZ3vLW3XcDd0Vb1hYJapDZd21JkQhQHFPSjDkiSPA3u0JfmdKPlFw4Wf3Nls; https://encrypted-tbn0.gstatic.com/images?q=tbn:ANd9GcSxfqBbHrBxAE_hXrlhl4BiYtZR-CvJwMq08yYuGlXScMZa5f1-izQgxN0Moec,Forbes; Bitcoin.com News; The Guardian
AT,weather,https://trends.google.com/trending/rss?geo=AT,"Tue, 14 Jan 2025 17:20:00 -0800",200+,,https://encrypted-tbn1.gstatic.com/images?q=tbn:ANd9GcQjxMSjwI8PZHlJwEndlKwIKqGrVMfNMTUyHOtsKf_C2m83KQwbN8n89hKIchc,pune.news,"Radiometers and Wind Profilers: IMD’s Leap Towards Precision Weather Forecasting; WMO joins 150th anniversary celebrations of India Meteorological Department; IMD looks to use data from CubeSats, IoT devices for better forecasts",https://pune.news/technology/radiometers-and-wind-profilers-imds-leap-towards-precision-weather-forecasting-290573/; https://wmo.int/media/news/wmo-joins-150th-anniversary-celebrations-of-india-meteorological-department; https://www.msn.com/en-in/technology/hardware-and-devices/imd-looks-to-use-data-from-cubesats-iot-devices-for-better-forecasts/ar-BB1rmcIp,https://encrypted-tbn1.gstatic.com/images?q=tbn:ANd9GcQjxMSjwI8PZHlJwEndlKwIKqGrVMfNMTUyHOtsKf_C2m83KQwbN8n89hKIchc; https://encrypted-tbn1.gstatic.com/images?q=tbn:ANd9GcQ37UyODDOKptq-WcPHzjeHxecDtPrc8K_O3E9oCrn9Z-kaPhGOsazEdjH11KI; https://encrypted-tbn0.gstatic.com/images?q=tbn:ANd9GcSV8gIP6CaME7CLBnRpAzMKiB_wsOFKgs1476t7NNVU8_l02g3i0QchTL7auyM,pune.news; World Meteorological Organization WMO; MSN
AT,west ham – fc fulham,https://trends.google.com/trending/rss?geo=AT,"Tue, 14 Jan 2025 14:30:00 -0800",100+,,https://encrypted-tbn1.gstatic.com/images?q=tbn:ANd9GcRyLuTAGMU12WOqZHNjxsm_XeSc50yVS1j9rQJir00YYHMBw8Zk-aqavehMApM,BBC,"West Ham United 3-2 Fulham: Graham Potter earns first win as Hammers boss; 'It's a very, very positive start'; Marco Silva furious after defeat to West Ham: ""The best team lost""",https://www.bbc.com/sport/football/live/cz0l74nrn91t; https://www.aol.com/very-very-positive-start-224604850.html; https://www.footboom1.com/en/news/football/2296570-marco-silva-furious-after-defeat-to-west-ham-the-best-team-lost,https://encrypted-tbn1.gstatic.com/images?q=tbn:ANd9GcRyLuTAGMU12WOqZHNjxsm_XeSc50yVS1j9rQJir00YYHMBw8Zk-aqavehMApM; https://encrypted-tbn2.gstatic.com/images?q=tbn:ANd9GcQ6ZICVJqSmiREr3CXWIZHp7fQdjNTgCQNs6AFS5HRrHpu-QybmtlqcOerpV1I; https://encrypted-tbn1.gstatic.com/images?q=tbn:ANd9GcRGFLuuHLaIVEp0qXEFo4RT5HXntMxEdu44Z4fgUjN4bdtKA-I4s3GwYsF0YUE,BBC; AOL.com; FootBoom
AT,schönborn,https://trends.google.com/trending/rss?geo=AT,"Tue, 14 Jan 2025 14:20:00 -0800",200+,,https://encrypted-tbn3.gstatic.com/images?q=tbn:ANd9GcRnIUxyTHdCriGnTTySPzYNhA2hbF7MWUglCZA9hV6LVim6qAV62k_AJ8Q86ac,oe1.ORF.at,"30 Jahre Schönborn - Krisenmanager wider Willen | MI | 15 01 2025 | 18:25; Der Abschied von Kardinal Christoph Schönborn; Was glauben Menschen, die nichts glauben?",https://oe1.orf.at/programm/20250115/782223/30-Jahre-Schoenborn-Krisenmanager-wider-Willen; https://www.sn.at/politik/innenpolitik/der-abschied-kardinal-christoph-schoenborn-171630160; https://www.diepresse.com/19249190/was-glauben-menschen-die-nichts-glauben,https://encrypted-tbn3.gstatic.com/images?q=tbn:ANd9GcRnIUxyTHdCriGnTTySPzYNhA2hbF7MWUglCZA9hV6LVim6qAV62k_AJ8Q86ac; https://encrypted-tbn0.gstatic.com/images?q=tbn:ANd9GcTwGtjwNx0MoQK-Hazx3CB25JbaeO-yKxqe_F6R9WPazg35BV63OPB7uK4IEIQ; https://encrypted-tbn1.gstatic.com/images?q=tbn:ANd9GcTKcr0jw2UTO2jfcB6NSBLABXyHqRKkSg77AIr-AC-WaAeQ5qWV1bq6R70X7d8,oe1.ORF.at; Salzburger Nachrichten; DiePresse.com
AT,eva glawischnig,https://trends.google.com/trending/rss?geo=AT,"Tue, 14 Jan 2025 13:10:00 -0800",2000+,,https://encrypted-tbn0.gstatic.com/images?q=tbn:ANd9GcSbfOhyt5wgXadpWxWw1RSvxjNwjSnyehMX3en-ZhG9l9cnWTXEhnj-wskuxgo,Kurier,"Ex-Grünen-Chefin und ""Dancing Star"" Glawischnig: ""War nicht einfach, einen Job zu bekommen""; Willkommen Österreich am 14. Jänner; DIE.NACHT: Eva Glawischnig und Ernst Molden zu Gast bei „Willkommen Österreich“",https://kurier.at/stars/austropromis/ex-politikerin-und-dancing-star-eva-glawischnig-war-nicht-einfach-einen-job-zu-bekommen/402998520; https://willkommen-oesterreich.tv/sendung/willkommen-oesterreich-am-14-jaenner-4/; https://tv.orf.at/stories/250114_die_nacht100.html,https://encrypted-tbn0.gstatic.com/images?q=tbn:ANd9GcSbfOhyt5wgXadpWxWw1RSvxjNwjSnyehMX3en-ZhG9l9cnWTXEhnj-wskuxgo; https://encrypted-tbn1.gstatic.com/images?q=tbn:ANd9GcQh3TLZ0xl3JgWXOetN4Vz79phPmDWXEi4teAIxWRKKEGlRKWjj0pwQcJVoaL8; https://encrypted-tbn1.gstatic.com/images?q=tbn:ANd9GcRx-WY7evHFDceLw_ZZ2n0PgksnFZleTw44vN_Q5kqWBGN0LcUjhPr6HstJd5o,Kurier; Willkommen Österreich; tv.ORF.at
AT,fpö övp regierung,https://trends.google.com/trending/rss?geo=AT,"Tue, 14 Jan 2025 13:00:00 -0800",200+,,https://encrypted-tbn1.gstatic.com/images?q=tbn:ANd9GcT8y-ytW25R7hGt6zQ6iOBuoOFQ3OcCb1diyU4FopIVYmZ4EBQnmwvR5h1T1X8,Der Standard,"Was wird sich an Ihrer Lebenslage durch eine FPÖ-ÖVP Regierung ändern?; Caritas Österreich wappnet sich für eine Regierung mit Kickl; „Erst wenn es der Wirtschaft gut geht, kann man sozial sein“",https://www.derstandard.at/story/3000000252664/was-wird-sich-an-ihrer-lebenslage-durch-eine-fpoe-oevp-regierung-aendern; https://www.domradio.de/artikel/caritas-oesterreich-wappnet-sich-fuer-eine-regierung-mit-kickl; https://www.kleinezeitung.at/steiermark/weststeier/19231917/erst-wenn-es-der-wirtschaft-gut-geht-kann-man-sozial-sein,https://encrypted-tbn1.gstatic.com/images?q=tbn:ANd9GcT8y-ytW25R7hGt6zQ6iOBuoOFQ3OcCb1diyU4FopIVYmZ4EBQnmwvR5h1T1X8; https://encrypted-tbn1.gstatic.com/images?q=tbn:ANd9GcRWG8RVqL-mndaJEPBH544Tlj96YpMw4zOOFp22Sqjh2FuIuBe6Kkn32X7DzJg; https://encrypted-tbn2.gstatic.com/images?q=tbn:ANd9GcSM9KM8Y_5_dO1p7O5sTQvu0WDxrNWwB83n1bP3QWgcljHE5K5VO7NhUO_kHnE,Der Standard; domradio.de; Kleine Zeitung
BE,novak djokovic,https://trends.google.com/trending/rss?geo=BE,"Tue, 14 Jan 2025 21:10:00 -0800",100+,,https://encrypted-tbn1.gstatic.com/images?q=tbn:ANd9GcTFVggh6VXsEREYb7EAgqocFlvM4oZOEnc-bunPUUl-CVEYkHLonJAuwgn3Ie8,The West Australian,Surfin Serbians! Djokovic rips up waves with daughter; Novak Djokovic's wife Jelena's one-word response over sad Australian Open absence; Novak Djokovic's sad confession about wife as she cheers him on to Australian Open win,https://thewest.com.au/sport/tennis/australian-open-novak-djokovic-laps-up-aussie-lifestyle-with-daughter-ahead-of-grand-slam-c-17362414; https://www.the-express.com/sport/tennis/160494/Novak-Djokovic-wife-Jelena-Australian-Open; https://www.express.co.uk/sport/tennis/1999672/novak-djokovic-basavareddy-australian-open-jelena,https://encrypted-tbn1.gstatic.com/images?q=tbn:ANd9GcTFVggh6VXsEREYb7EAgqocFlvM4oZOEnc-bunPUUl-CVEYkHLonJAuwgn3Ie8; https://encrypted-tbn2.gstatic.com/images?q=tbn:ANd9GcR387JHhCBHSRjbYI-IEE8ETvRLd-0fKsXJc6pElWMtr693_K68hPo8WuXexBw; https://encrypted-tbn1.gstatic.com/images?q=tbn:ANd9GcTFKl4sAyHZeK5I6B40ab3hqbqidL-yNQAJSdWjoiZgFQEtZsNV_NYB12n5hZY,The West Australian; Daily Express US; Daily Express
BE,australian open 2025,https://trends.google.com/trending/rss?geo=BE,"Tue, 14 Jan 2025 20:20:00 -0800",100+,,https://encrypted-tbn0.gstatic.com/images?q=tbn:ANd9GcRzb6AJhX9qtJBxyuwvEWTZL_FM9j-_dmWNAlOMKAOjQQI46OEjpJdlQ78oNFs,The Guardian,"Australian Open avatars helping tennis reach new audience; Cheeky Aus Open broadcasting move leaves fans divided; Australian Open Is Streaming Matches With Wii Characters To Combat Broadcast Restrictions, And It's Awesome",https://www.theguardian.com/sport/2025/jan/14/australian-open-avatars-helping-tennis-reach-new-audience; https://www.codesports.com.au/tennis/cheeky-aus-open-broadcasting-move-leaves-fans-divided/video/00f3b340709732b85aef8c988fecf8f6; https://www.outkick.com/sports/australian-open-wii-stream-broadcasting-rights,https://encrypted-tbn0.gstatic.com/images?q=tbn:ANd9GcRzb6AJhX9qtJBxyuwvEWTZL_FM9j-_dmWNAlOMKAOjQQI46OEjpJdlQ78oNFs; https://encrypted-tbn3.gstatic.com/images?q=tbn:ANd9GcT8q1hoZ6SyTpq9_gYktiCY7cH2r7tHiyr_4_LYa-UCgA0A6fo1P-VnecQXOrs; https://encrypted-tbn3.gstatic.com/images?q=tbn:ANd9GcQUMv-k4_klFIoZbjppGq8IBY_wJjtC6j1WCQoBuu7vtgulh5PsnQqh9yFpnmg,The Guardian; CODE Sports; OutKick
BE,mrbeast,https://trends.google.com/trending/rss?geo=BE,"Tue, 14 Jan 2025 19:20:00 -0800",100+,,https://encrypted-tbn1.gstatic.com/images?q=tbn:ANd9GcSdgGZJ9U3kNl0gH798wEA7fYteJLfNCCyYYOMwVlLG3Aviz5QE1MdQbPExs0A,CBS News,What would happen to TikTok on my phone if the app is banned?; Here’s How Much Elon Musk Could Buy TikTok For—As China Reportedly Eyes Deal; Who could buy TikTok to avoid app's ban? Newest name being shared: Elon Musk,https://www.cbsnews.com/news/tiktok-ban-app-phone/; https://www.forbes.com/sites/dereksaul/2025/01/14/heres-how-much-elon-musk-could-buy-tiktok-for-as-china-reportedly-eyes-deal/; https://www.usatoday.com/story/tech/news/2025/01/14/tiktok-ban-elon-musk-potential-buyer/77697710007/,https://encrypted-tbn1.gstatic.com/images?q=tbn:ANd9GcSdgGZJ9U3kNl0gH798wEA7fYteJLfNCCyYYOMwVlLG3Aviz5QE1MdQbPExs0A; https://encrypted-tbn0.gstatic.com/images?q=tbn:ANd9GcRqgCn7HH4TV735CgWNC78RUqn4pVfV-vfXCrhdjhKxH5VOk_y60wS0Rjjafk8; https://encrypted-tbn0.gstatic.com/images?q=tbn:ANd9GcRv2AXy-Uj5OP4u-wzhzpIbU96sjtMMj5xqgSivFaX6vVn7_rpEgm9gO2qKg5I,CBS News; Forbes; USA Today
BE,elise mertens,https://trends.google.com/trending/rss?geo=BE,"Tue, 14 Jan 2025 17:10:00 -0800",100+,,https://encrypted-tbn0.gstatic.com/images?q=tbn:ANd9GcQJam39D0-omc6VREhkiXb43BQ6FY9wN7RJsx-ILlXf5fnjPEfXrx7HHadwkVE,Radio Times,"Australian Open 2025 tennis on TV: Channel and live stream; Australian Open: Pegula untroubled by Mertens, reaches third round; Elise Mertens vs. Viktorija Golubic betting odds, tips and H2H stats | 2025 Australian Open",https://www.radiotimes.com/tv/sport/tennis/australian-open-2025-tv/; https://www.tennismajors.com/australian-open-news/australian-open-pegula-untroubled-by-mertens-reaches-third-round-803941.html; https://sportswire.usatoday.com/article/elise-mertens-vs-viktorija-golubic-betting-odds-tips-and-h2h-stats-2025-australian-open/,https://encrypted-tbn0.gstatic.com/images?q=tbn:ANd9GcQJam39D0-omc6VREhkiXb43BQ6FY9wN7RJsx-ILlXf5fnjPEfXrx7HHadwkVE; https://encrypted-tbn1.gstatic.com/images?q=tbn:ANd9GcQt9ymuO-zmdvwa_QYCcM1nMtQ-Bv_l_JTvob7gUweIkGxv9WOgDYZSjgZ2Qqo; https://encrypted-tbn1.gstatic.com/images?q=tbn:ANd9GcScNh4aYQ85jzDj59Y57TLuncaIl1WXcAsBFVSqZgVc9ILHuq1RSm2ZwnT_xy4,Radio Times; Tennis Majors; USA Today
BE,xrp,https://trends.google.com/trending/rss?geo=BE,"Tue, 14 Jan 2025 16:20:00 -0800",100+,,https://encrypted-tbn3.gstatic.com/images?q=tbn:ANd9GcSc9_dOtx_bHAXIBJCVZcc-ZXqseaESgX_QSCJtfFnfekBTLQQeDEC_1PJpwus,U.Today,Gensler to Make Final Strike Against Ripple Before Resigning; Ripple leadership blasts SEC after filing appeal; XRP Whales Shift $76M—Analysts Eye Breakout to $8,https://u.today/gensler-to-make-final-strike-at-ripple-before-resigning; https://crypto.news/ripple-leadership-blasts-sec-after-filing-appeal/; https://www.fxleaders.com/news/2025/01/14/xrp-whales-shift-76m-analysts-eye-breakout-to-8/,https://encrypted-tbn3.gstatic.com/images?q=tbn:ANd9GcSc9_dOtx_bHAXIBJCVZcc-ZXqseaESgX_QSCJtfFnfekBTLQQeDEC_1PJpwus; https://encrypted-tbn0.gstatic.com/images?q=tbn:ANd9GcTObnq94_BxnJf2mHYxvz4JdleW3FAIJGdb36uyKusHtQOsMv2W9KM2_8XQBNk; https://encrypted-tbn3.gstatic.com/images?q=tbn:ANd9GcQhU5i6xn5MByliMsfGazFwJmN6eRGbBRP6Pt2Pv5EEdyNkGbBMweqEiKRkfnU,U.Today; crypto.news; FXLeaders
BE,oman,https://trends.google.com/trending/rss?geo=BE,"Tue, 14 Jan 2025 14:50:00 -0800",100+,,https://encrypted-tbn3.gstatic.com/images?q=tbn:ANd9GcQ-zGvCuB8zC8pDsv88nBLvGF6edG6ZU4D8ROCWVI-jo18flowPazq5X4lhgDc,وكالة الأنباء العمانية,National Survey of Non-Communicable Diseases Kicks Off in A’Dakhiliyah Governorate; Oman launches national survey to tackle NCDs; National Survey of Non-Communicable Diseases kicks off in Muscat Governorate,https://omannews.gov.om/topics/en/132/show/120514; https://www.muscatdaily.com/2025/01/14/oman-launches-national-survey-to-tackle-ncds/; https://timesofoman.com/article/154033-national-survey-of-non-communicable-diseases-kicks-off-in-muscat-governorate,https://encrypted-tbn3.gstatic.com/images?q=tbn:ANd9GcQ-zGvCuB8zC8pDsv88nBLvGF6edG6ZU4D8ROCWVI-jo18flowPazq5X4lhgDc; https://encrypted-tbn0.gstatic.com/images?q=tbn:ANd9GcR1QWP7tLJyxfVqsvbsI9BPKy_AxxTUGebgVRDhj_3FdamMkAyzyzLFnxc0dGU; https://encrypted-tbn3.gstatic.com/images?q=tbn:ANd9GcQo8uzNPE20irERTKr_AbrFcIdFg_0HU9wus9E5Jr_l_oy_IUEDRLLXm97Fjt8,وكالة الأنباء العمانية; Muscat Daily; Times of Oman
BE,om lille,https://trends.google.com/trending/rss?geo=BE,"Tue, 14 Jan 2025 14:40:00 -0800",100+,,https://encrypted-tbn2.gstatic.com/images?q=tbn:ANd9GcRAiQs3FEIUfe39jjDc2V7AgATpzSEp1XMZ_YljNw1xOriFZ6TcBbhmeniANw,Barron's,Marseille Dumped Out Of French Cup On Penalties; Lille and Reims win on penalty shootouts to reach French Cup round of 16; Preview: All-Ligue 1 fixtures headline CdF Round of 32,https://www.barrons.com/articles/marseille-dumped-out-of-french-cup-on-penalties-be30314e; https://www.foxsports.com/articles/soccer/lille-and-reims-win-on-penalty-shootouts-to-reach-french-cup-round-of-16; https://ligue1.com/articles/l1_article_1659-preview-all-ligue-1-fixtures-headline-cd-f-round-of-32,https://encrypted-tbn2.gstatic.com/images?q=tbn:ANd9GcRAiQs3FEIUfe39jjDc2V7AgATpzSEp1XMZ_YljNw1xOriFZ6TcBbhmeniANw; https://encrypted-tbn3.gstatic.com/images?q=tbn:ANd9GcRn1qxk-oZiEMEJhp9IJuV9ClTFQzlM4ojaipSKMW_iK0VR-LOLFG-0uMQFFRE; https://encrypted-tbn1.gstatic.com/images?q=tbn:ANd9GcTPyui6HEt6GVOwyZTj9Tyi94qZr1G9wAzigE6eHGTDoR5RXovSveJrz45De40,Barron's; FOX Sports; Ligue 1 official website
BE,matz sels,https://trends.google.com/trending/rss?geo=BE,"Tue, 14 Jan 2025 14:10:00 -0800",200+,,https://encrypted-tbn2.gstatic.com/images?q=tbn:ANd9GcT03ga4zL4eiMOioWD0sp2JICi_Q9hOpYBAMYZbjCPL89oskNuzSdI9FdtpsPg,RTBF,"La belle série de Matz Sels et Nottingham Forest stoppée par Liverpool, Manchester City gaspille malgré un assist de Kevin De Bruyne; Nottingham Forest - Liverpool en direct - Premier League : Football Scores & Résultats - 14/01/2025; Un Matz Sels en feu, la poigne de Nuno Espirito Santo, ... : les raisons de l’incroyable retour au premier plan de Nottingham Forest",https://www.rtbf.be/article/la-belle-serie-de-matz-sels-et-nottingham-forest-stoppee-par-liverpool-manchester-city-gaspille-malgre-un-assist-de-kevin-de-bruyne-11489612; https://www.eurosport.fr/football/premier-league/2024-2025/live-nottingham-forest-liverpool_mtc1524002/live-commentary.shtml; https://www.lesoir.be/648064/article/2025-01-13/un-matz-sels-en-feu-la-poigne-de-nuno-espirito-santo-les-raisons-de-lincroyable,https://encrypted-tbn2.gstatic.com/images?q=tbn:ANd9GcT03ga4zL4eiMOioWD0sp2JICi_Q9hOpYBAMYZbjCPL89oskNuzSdI9FdtpsPg; https://encrypted-tbn3.gstatic.com/images?q=tbn:ANd9GcTlD-cwNcpn-rgx9wVwGM8cSi9CZjYUIcWy8sIl7z-8f_Yywflwb2ECXOfnRWg; https://encrypted-tbn1.gstatic.com/images?q=tbn:ANd9GcQvIPStPc0556UJb6EXpn_d-WDf432kR2KSif9PC7CU0B8Lz4p_jhU49Wuwuuo,RTBF; Eurosport; Le Soir
BE,atalanta,https://trends.google.com/trending/rss?geo=BE,"Tue, 14 Jan 2025 13:50:00 -0800",100+,,https://encrypted-tbn1.gstatic.com/images?q=tbn:ANd9GcTvvZTfGWKf3Xo0KRpthyqCJ00qsEDR1T1ILR7OvE35ezEoxexBqWfN3_wCauU,Black & White & Read All Over,"Juventus 1 - Atalanta 1: Initial reaction and random observations; Title-chaser Atalanta held by Juve, AC Milan hands Conceicao maiden Serie A win; USMNT star Weston McKennie grabs an assist as Juventus salvage respectable point against Serie A title contenders Atalanta",https://www.blackwhitereadallover.com/2025/1/15/24343770/juventus-atalanta-2025-serie-a-matchday-19-final-score-result-initial-reaction-random-observations; https://www.socceramerica.com/title-chaser-atalanta-held-by-juve-ac-milan-hands-conceicao-maiden-serie-a-win/; https://www.goal.com/en/lists/usmnt-star-weston-mckennie-grabs-an-assist-as-juventus-salvage-respectable-point-against-serie-a-title-contenders-atalanta/bltc115528e99f19735,https://encrypted-tbn1.gstatic.com/images?q=tbn:ANd9GcTvvZTfGWKf3Xo0KRpthyqCJ00qsEDR1T1ILR7OvE35ezEoxexBqWfN3_wCauU; https://encrypted-tbn2.gstatic.com/images?q=tbn:ANd9GcSODpB-veYN3J8rNuiHH9B6qo4p22Wysr8lHzLYLnSf27dGIBlOMBDFU2t6WtQ; https://encrypted-tbn0.gstatic.com/images?q=tbn:ANd9GcRLEKrE47wBJ30hyM28zT8_7jVcGkUDnOPeGdWnk34HBITWo_W8Ye31WuQk9B8,Black & White & Read All Over; Soccer America; Goal.com
BE,francisco schuster,https://trends.google.com/trending/rss?geo=BE,"Tue, 14 Jan 2025 13:30:00 -0800",100+,,https://encrypted-tbn3.gstatic.com/images?q=tbn:ANd9GcRt0qQpTsljIPSaYw3yZa52qaAzGxgYA-K1FN6FiMnqfEKAAxHhrsSAMvmAlAQ,Het Nieuwsblad,"Francisco Schuster probeert wereldrecord ‘langste noot zingen’ te verbreken, maar faalt op hilarische wijze: “Dat is de stress”; KIJK. Onherkenbare James Cooke neemt Francisco Schuster in de maling (maar komt hij er ook mee weg?); James Cooke ondergaat straffe transformatie door make-upartiesten van ‘Nonkels’",https://www.nieuwsblad.be/cnt/dmf20250114_95492416; https://www.hln.be/tv/kijk-onherkenbare-james-cooke-neemt-francisco-schuster-in-de-maling-maar-komt-hij-er-ook-mee-weg~a46b437c/; https://www.gva.be/cnt/dmf20250114_92884705,https://encrypted-tbn3.gstatic.com/images?q=tbn:ANd9GcRt0qQpTsljIPSaYw3yZa52qaAzGxgYA-K1FN6FiMnqfEKAAxHhrsSAMvmAlAQ; https://encrypted-tbn2.gstatic.com/images?q=tbn:ANd9GcSDvru6Ea9melzdIUfJF8u0R-mAcQl6DPudjIDO1jHa3X27-oSwCNQvCnRKB74; https://encrypted-tbn0.gstatic.com/images?q=tbn:ANd9GcRLlh2DQH3arJ-9gKllHRgeBCQtY5rNrs443N2GWd8jjxkct8_rpyDj65oXbN0,Het Nieuwsblad; HLN; Gazet van Antwerpen
BG,байер срещу майнц,https://trends.google.com/trending/rss?geo=BG,"Tue, 14 Jan 2025 14:10:00 -0800",100+,,https://encrypted-tbn2.gstatic.com/images?q=tbn:ANd9GcTeUx03yLekPiVqC5Wv63R-J077M8fapXLcXW53eJFjdj_Yl7eLIXvp5rQv6hQ,Sportal.bg,"Брилянтен гол осигури седма поредна победа на Леверкузен; Байер Леверкузен - Майнц 05 1:0 /репортаж/ - Футбол свят - Германия; Леверкузен диша във врата на Байерн, след като приземи високолетящия Майнц",https://sportal.bg/news-2025011417061449670; https://gong.bg/football-sviat/germania/multimedia/video/bajer-leverkuzen-majnc-10-reportazh-825655; https://dsport.bg/leverkuzen-disha-vav-vrata-na-baiern-sled-kato-prizemi-visokoletastia-mainc~187130.html,https://encrypted-tbn2.gstatic.com/images?q=tbn:ANd9GcTeUx03yLekPiVqC5Wv63R-J077M8fapXLcXW53eJFjdj_Yl7eLIXvp5rQv6hQ; https://encrypted-tbn1.gstatic.com/images?q=tbn:ANd9GcSLGs4GuHA5D_OFOhChyidUQdiDVDgAy85MG_YCOdghT0fZDhYgLt8qi9oQHT4; https://encrypted-tbn3.gstatic.com/images?q=tbn:ANd9GcQU4jgT8orv1QKiO-32kiK67ODlyD2jOBMAK4CjUJVTCan0fq2pu5Tx7XixLsk,Sportal.bg; Gong.bg; dsport
BG,man city,https://trends.google.com/trending/rss?geo=BG,"Tue, 14 Jan 2025 13:20:00 -0800",200+,,https://encrypted-tbn0.gstatic.com/images?q=tbn:ANd9GcQLrorBt9eOL1SPrglgxonbWejrKeRu_A8t9yiXKwHvc-K4AZVMtaqf92Q4D8o,BBC,"Brentford vs Manchester City: Premier League preview, team news, head-to-head & stats; Guardiola: We are disappointed, and I do not know the reason for this; Bees come back to sting City late","https://www.bbc.com/sport/football/live/c4gxzl9pk0wt; https://www.ysscores.com/en/news/10831259/Guardiola:-We-are-disappointed,-and-I-do-not-know-the-reason-for-this; https://www.beinsports.com/en-au/football/premier-league/articles-video/bees-come-back-to-sting-city-late-2025-01-14",https://encrypted-tbn0.gstatic.com/images?q=tbn:ANd9GcQLrorBt9eOL1SPrglgxonbWejrKeRu_A8t9yiXKwHvc-K4AZVMtaqf92Q4D8o; https://encrypted-tbn3.gstatic.com/images?q=tbn:ANd9GcQuA7T4VGsDcpfi_lhcI4ga_0ApQh9ly5Pf8HfS9DmkcQf_UOljLb3dmeZm14M; https://encrypted-tbn1.gstatic.com/images?q=tbn:ANd9GcQWpib1vWMimdLaO0lP7Op1I0b_8k7PI9dcvyH5PB8vd06Bmu7L9gsPiX7GOjM,BBC; www.ysscores.com; beIN SPORTS
BG,chelsea,https://trends.google.com/trending/rss?geo=BG,"Tue, 14 Jan 2025 13:10:00 -0800",100+,,https://encrypted-tbn3.gstatic.com/images?q=tbn:ANd9GcSL_Ew45r61Pv-hJv5VoYomFRHrRDaDyziNditsWyQInFd6LX8Zg-RX_4FKVQk,BBC,"Football gossip: Nkunku, Zubimendi, Muani, Rashford, Garnacho, Mainoo, Messi; Chelsea make enquiry to sign Mathys Tel from Bayern Munich - The Athletic; Chelsea want £65m for Bayern Munich target Christopher Nkunku",https://www.bbc.com/sport/football/articles/c360pyw7143o; https://www.nytimes.com/athletic/6059453/2025/01/13/mathys-tel-chelsea/; https://www.telegraph.co.uk/football/2025/01/13/chelsea-transfer-bayern-19-year-old-forward-mathys-tel/,https://encrypted-tbn3.gstatic.com/images?q=tbn:ANd9GcSL_Ew45r61Pv-hJv5VoYomFRHrRDaDyziNditsWyQInFd6LX8Zg-RX_4FKVQk; https://encrypted-tbn1.gstatic.com/images?q=tbn:ANd9GcTPXHqLpkiY-fNKPcaV-lD3Kx6wIZX2iOdvTNK8gnfShWrjwFz3N0aLYO9xNc8; https://encrypted-tbn1.gstatic.com/images?q=tbn:ANd9GcS6TsFmA8RgaLfsdaRz1vTie3f0jEcnigRqoMShrs25PWI64tMFIodZaa3u7zI,BBC; The New York Times; The Telegraph
BG,любомира башева,https://trends.google.com/trending/rss?geo=BG,"Tue, 14 Jan 2025 13:10:00 -0800",100+,,https://encrypted-tbn0.gstatic.com/images?q=tbn:ANd9GcT7JnmYjflDtlYPGR06XLIxU4_C1HrTPJkAdnv46YmPIbS-rZRNUc6gnJo5rxc,Lupa BG,"Башар Рахал наду корема на младата Люба; СЛУХ: Башар Рахал ще има трето бебе; СЛУЧИ СЕ! Башар Рахал направи бебе на 28-годишната Любомира Башева, става татко за 3-ти път! (СНИМКИ на Люба)",https://lupa.bg/news/bashar-rahal-nadu-korema-na-mladata-lyuba_333603news.html; https://www.bgdnes.bg/shou/article/19703741; https://kliuki.bg/kliuki/sluchi-se-bashar-rahal-napravi-bebe-na-28-godishnata-lyubomira-basheva-stava-tatko-za-3-ti-pat-snimki-na-lyuba/237207,https://encrypted-tbn0.gstatic.com/images?q=tbn:ANd9GcT7JnmYjflDtlYPGR06XLIxU4_C1HrTPJkAdnv46YmPIbS-rZRNUc6gnJo5rxc; https://encrypted-tbn3.gstatic.com/images?q=tbn:ANd9GcSsoWPmCkc7XxhtaHyHM806doou9J5qKyB40L9Ua6GxfGD-R0eahlqbguF_qgM; https://encrypted-tbn2.gstatic.com/images?q=tbn:ANd9GcR1SWdHg2lYPnBgpMUT6PbeYXCe3FLeEzSmDbmhbWScgWty0OK1VzK82gDSp8c,Lupa BG; bgdnes.bg; Kliuki.bg
BG,premier league,https://trends.google.com/trending/rss?geo=BG,"Tue, 14 Jan 2025 12:50:00 -0800",500+,,https://encrypted-tbn1.gstatic.com/images?q=tbn:ANd9GcQRls7OaLBAWRhhxb5y-OFF2rpgd81gyyqcWXAX2wbgxlScYGKIYN6Mte5q1jc,BBC,Premier League clubs avoid PSR charges for 2023-24 season; No clubs charged with PSR breaches — but Leicester City still at risk; Premier League PSR news: Clubs avoid Profit and Sustainability charges for 2021-2024 period,https://www.bbc.com/sport/football/articles/cx2y7l0dk02o; https://www.thetimes.com/sport/football/article/leicester-city-psr-premier-league-spending-rules-2qcql7792; https://www.skysports.com/football/news/11095/13288524/premier-league-psr-news-clubs-avoid-profit-and-sustainability-charges-for-2021-2024-period,https://encrypted-tbn1.gstatic.com/images?q=tbn:ANd9GcQRls7OaLBAWRhhxb5y-OFF2rpgd81gyyqcWXAX2wbgxlScYGKIYN6Mte5q1jc; https://encrypted-tbn1.gstatic.com/images?q=tbn:ANd9GcTTVnu2yri0Poj2CCv-BRivV1CVeXz8iUCf-TnstJeYU1654P2ICC6wmxpSSh0; https://encrypted-tbn1.gstatic.com/images?q=tbn:ANd9GcRuYnoPKwnIWd6Xbt2iFFStQs8EGxfXPeBunb7XvU_eUTfpCWMTMwTvFLfc_r0,BBC; The Times; Sky Sports
BG,челси,https://trends.google.com/trending/rss?geo=BG,"Tue, 14 Jan 2025 12:50:00 -0800",200+,,https://encrypted-tbn0.gstatic.com/images?q=tbn:ANd9GcST7xJYM-7JV_qydg1u7qDsohuEb1LJjR8ZKp2mS0lPULvw1DquxPRoUIniVtA,Oxu.Az,"АПЛ: ""Челси"" вырвал ничью в игре с ""Борнмутом""; «Челси» вырвал ничью в игре с «Борнмутом»; Забарный ошибками поспособствовал двум голам Челси, Ярмолюк ""запустил"" камбэк против Сити, перестрелка в Лондоне: АПЛ — Футбол 24",https://oxu.az/ru/sport/apl-chelsi-vyrval-nichyu-v-igre-s-bornmutom; https://www.soccer.ru/news/1397822/chelsi-bornmut; https://football24.ua/ru/zabarnyj_oshibkami_posposobstvoval_dvum_golam_chelsi_jarmoljuk_zapustil_kambjek_protiv_siti_perestrelka_v_londone_apl_n858196/,https://encrypted-tbn0.gstatic.com/images?q=tbn:ANd9GcST7xJYM-7JV_qydg1u7qDsohuEb1LJjR8ZKp2mS0lPULvw1DquxPRoUIniVtA; https://encrypted-tbn2.gstatic.com/images?q=tbn:ANd9GcRtucmKOPZtgwucFNWeJbmPsm8AbfUH-G3m-BcZ_8Zb8gLp55MrFpltwUcft7c; https://encrypted-tbn0.gstatic.com/images?q=tbn:ANd9GcQOvLjWlmOWQYl0mqaDZkHfym9zg_4kbfZM2MJh0Vz_wyaBOq-4xFeyv7QFcJg,Oxu.Az; Soccer.ru; Футбол 24
BG,liverpool,https://trends.google.com/trending/rss?geo=BG,"Tue, 14 Jan 2025 12:40:00 -0800",1000+,,https://encrypted-tbn1.gstatic.com/images?q=tbn:ANd9GcQylShETcejEBWHDZQKocII03wbgsTFuB1VCQs9lVyVj8o_L1pRRLQ3fGafLyo,BBC,"'Forest heroics undone by Slot's super sub on night of pure theatre'; Confirmed Liverpool line-up v Nottingham Forest; Nuno hits back at Arne Slot: “Money doesn’t play football, people do”",https://www.bbc.com/sport/football/articles/cz7ew42qlzyo; https://www.liverpoolfc.com/news/confirmed-liverpool-line-v-nottingham-forest-5; https://www.thisisanfield.com/2025/01/nuno-hits-back-at-arne-slot-money-doesnt-play-football-people-do/,https://encrypted-tbn1.gstatic.com/images?q=tbn:ANd9GcQylShETcejEBWHDZQKocII03wbgsTFuB1VCQs9lVyVj8o_L1pRRLQ3fGafLyo; https://encrypted-tbn0.gstatic.com/images?q=tbn:ANd9GcRSrDKY5gjcgEh0-A_W5EveZKRqcBaDjtlSO_USx6e0aTrJte2ZEfAjW5bKdAQ; https://encrypted-tbn2.gstatic.com/images?q=tbn:ANd9GcS0hccjqzMahGX_6YxyGY_4LDKhoZcVFj0DGfQ5AZ18DZABw1-5_j1kxoR-pEg,BBC; Liverpool FC; This Is Anfield
BG,the last of us,https://trends.google.com/trending/rss?geo=BG,"Tue, 14 Jan 2025 12:20:00 -0800",500+,,,Times of India,"Zayn Malik shows off his 'Last Of Us' themed zombie birthday cake; sparks excitement among fans ahead of; I’ve Been Eagerly Awaiting The Last Of Us Season 2, And And Zayn Malik's Clicker-Themed Birthday Cake Is Giving Me The Energy I Need; 15 Zayn Malik memes to check out on his 32nd birthday",https://timesofindia.indiatimes.com/entertainment/english/hollywood/news/zayn-malik-shows-off-his-last-of-us-themed-zombie-birthday-cake-sparks-excitement-among-fans-ahead-of-season-2-release/articleshow/117190059.cms; https://www.yahoo.com/entertainment/ve-eagerly-awaiting-last-us-003358546.html; https://www.soapcentral.com/humor/celebrating-zayn-malik-s-32nd-birthday-15-memes-miss,; https://encrypted-tbn2.gstatic.com/images?q=tbn:ANd9GcRBk_-IhLI-rXqC4V4G4wmv_mlhTBgNv41BakYIawLRQKrxahpv3QE8jxM4-6k; https://encrypted-tbn3.gstatic.com/images?q=tbn:ANd9GcQmZpV00GNqMa3URVVb41FHuz-w7GvVMPq4E70781kha3rGuCqR6iNBBKTm3hY,Times of India; Yahoo; Soap Central
BG,robert downey jr,https://trends.google.com/trending/rss?geo=BG,"Tue, 14 Jan 2025 11:40:00 -0800",500+,,https://encrypted-tbn2.gstatic.com/images?q=tbn:ANd9GcRfHBko8ss3u04RGYdGUHf0EYILHoKvG-s68iDLVHd9P2CrSmG0f39iZCG7kdE,Yahoo,Avengers: Doomsday Rumor Hints at Deadpool & Wolverine’s Return; MCU fans torn over our new Avengers lineup in Doomsday; Avengers: Doomsday Is At Risk Of Becoming Oversaturated,https://www.yahoo.com/entertainment/avengers-doomsday-rumor-hints-deadpool-124018380.html; https://www.gamingbible.com/news/tv-and-film/marvel/mcu-fans-torn-avengers-doomsday-861796-20250114; https://gamerant.com/avengers-doomsday-risk-becoming-oversaturated/,https://encrypted-tbn2.gstatic.com/images?q=tbn:ANd9GcRfHBko8ss3u04RGYdGUHf0EYILHoKvG-s68iDLVHd9P2CrSmG0f39iZCG7kdE; https://encrypted-tbn2.gstatic.com/images?q=tbn:ANd9GcSw1DbV0tIG3-SYKoJe5d2cit70RalZ2WwDenIxm8XyBnIchM2odyR_ndIDj8M; https://encrypted-tbn1.gstatic.com/images?q=tbn:ANd9GcT9o3X--G6SnN4f9x8hIDY0cGVRTDu77igZ9-VLajbfhZQMDaF2Ns17t3BiwVk,Yahoo; GAMINGbible; Game Rant
BG,нотингам форест срещу ливърпул,https://trends.google.com/trending/rss?geo=BG,"Tue, 14 Jan 2025 11:00:00 -0800",5000+,,https://encrypted-tbn2.gstatic.com/images?q=tbn:ANd9GcTVWJMXW67TsCWWb6-KYAj4Cfijuk4dnCF4geA1PcEeN_V9n9ZIQWsj6E-he-4,Gong.bg,"Нотингам Форест удържа Ливърпул и изскочи втори след страхотен футболен спектакъл; Слот: “Не можех да искам повече""; Феноменален вратар остави без победител битката между първия и втория в Англия",https://gong.bg/football-sviat/anglia/multimedia/video/notingam-forest-udyrzha-livyrpul-i-izskochi-vtori-sled-strahoten-futbolen-spektakyl-825629; https://sportal.bg/news-2025011503381656383; https://corner.dir.bg/futbol/fenomenalen-vratar-ostavi-bez-pobeditel-bitkata-mezhdu-parviya-i-vtoriya-v-angliya,https://encrypted-tbn2.gstatic.com/images?q=tbn:ANd9GcTVWJMXW67TsCWWb6-KYAj4Cfijuk4dnCF4geA1PcEeN_V9n9ZIQWsj6E-he-4; https://encrypted-tbn0.gstatic.com/images?q=tbn:ANd9GcQXGTilxDPQogBrYIiAHuLi6H2Yc3vyPHDnF9-MTWBE2DV2frGjyTuTQ4f5N7o; https://encrypted-tbn1.gstatic.com/images?q=tbn:ANd9GcRSicjmMHsJltSj4jO6mclQoYn57Cjvh4Grr-qUXRTtWiO_RkvMBHpz84ccEfg,Gong.bg; Sportal.bg; Dir
HR,weather,https://trends.google.com/trending/rss?geo=HR,"Tue, 14 Jan 2025 19:50:00 -0800",200+,,https://encrypted-tbn0.gstatic.com/images?q=tbn:ANd9GcTL14zJX_Mk9CTwtKJMaNSexJBdRAbxONxFQxXqryc4_6YrHuBDv6KLtjED540,ABC7 WWSB,"Tuesday's WWSB ABC7 News at 6:00pm First Alert Weather forecast 1/14/2025; Meteorologist Aaron Doudna's First Alert Forecast; Michael Moranelli's Tuesday Afternoon Forecast | January 14, 2025",https://www.mysuncoast.com/video/2025/01/15/tuesdays-wwsb-abc7-news-600pm-first-alert-weather-forecast-1142025/; https://www.dakotanewsnow.com/video/2025/01/14/meteorologist-aaron-doudnas-first-alert-forecast/; https://www.21alivenews.com/video/2025/01/14/michael-moranellis-tuesday-afternoon-forecast-january-14-2025/,https://encrypted-tbn0.gstatic.com/images?q=tbn:ANd9GcTL14zJX_Mk9CTwtKJMaNSexJBdRAbxONxFQxXqryc4_6YrHuBDv6KLtjED540; https://encrypted-tbn3.gstatic.com/images?q=tbn:ANd9GcS72kWYzd9JR-Gc5z48YdqXttL6uuS_Q9A3c0XGtuvqq19CMazrlxWC8PuftXI; https://encrypted-tbn0.gstatic.com/images?q=tbn:ANd9GcQfrAJEUPBETH2y2taqf-4lFkFCeEtqfq1hekrZ9jOCkjM0RUWJjE56HJ2sjBQ,ABC7 WWSB; Dakota News Now; 21Alive
HR,bayer – mainz 05,https://trends.google.com/trending/rss?geo=HR,"Tue, 14 Jan 2025 14:20:00 -0800",100+,,https://encrypted-tbn1.gstatic.com/images?q=tbn:ANd9GcSQzYH-AXL35sRtOXPNeZLgddYDvSAW6DgryGDPVItsl9l1rdScbAwLSOf1b2A,FootBoom,"Leverkusen Jagd Bayern, während französische Giganten im Pokal ausscheiden; Erkältung: Tah fehlt Bayer gegen Mainz; Bayer bleibt an Bayern dran - Debakel für Dortmund in Kiel",https://www.footboom1.com/de/news/football/2296646-leverkusen-chasing-down-bayern-as-french-giants-exit-cup-competition; https://onefootball.com/de/news/erkaeltung-tah-fehlt-bayer-gegen-mainz-40561966; https://www.mt.de/weltnews/sport/fussball/Bayer-bleibt-an-Bayern-dran-Debakel-fuer-Dortmund-in-Kiel-24021352.html,https://encrypted-tbn1.gstatic.com/images?q=tbn:ANd9GcSQzYH-AXL35sRtOXPNeZLgddYDvSAW6DgryGDPVItsl9l1rdScbAwLSOf1b2A; https://encrypted-tbn0.gstatic.com/images?q=tbn:ANd9GcRI8Tew17urpo-x4DUkgytpe6A1xMX9yvyfDqNrbPfLa9r8KAZBifqDWV0CEBg; https://encrypted-tbn2.gstatic.com/images?q=tbn:ANd9GcTounnp2GzZ9wNplmzvTpJJZKL9f-2d8Vf-RFzaJpkdLiJKhRzozVHNPMPLVA8,FootBoom; OneFootball; Mindener Tageblatt
HR,premier liga,https://trends.google.com/trending/rss?geo=HR,"Tue, 14 Jan 2025 13:20:00 -0800",200+,,https://encrypted-tbn2.gstatic.com/images?q=tbn:ANd9GcRyvS1LwE53nVdBSTf_RorWlNwXj3GmepoLPcRqlw7hu6TlRsYp0YG1gASNiA,www.sportarena.hr,"Arsenal vs Tottenham – Tipovi i koeficijenti za klađenje – 15.1.2025.; Pep se zaletio prema Gvardiolu poslije remija: Rekao sam mu da je bio nevjerojatan; Navijači zviždali 'građanima', a Pep odmah otišao do golmana i Joška: 'Oni su odigrali odlično!'",https://www.sportarena.hr/blog/tipovi/arsenal-vs-tottenham-tipovi-i-koeficijenti-za-kladenje-15-1-2025/; https://www.index.hr/mobile/sport/clanak/pep-se-zaletio-prema-gvardiolu-poslije-remija-rekao-sam-mu-da-je-bio-nevjerojatan/2632885.aspx?index_ref=naslovnica_sport_prva_m; https://www.24sata.hr/sport/navijaci-zvizdali-gradanima-a-pep-odmah-otisao-do-golmana-i-joska-oni-su-odigrali-odlicno-1027030,https://encrypted-tbn2.gstatic.com/images?q=tbn:ANd9GcRyvS1LwE53nVdBSTf_RorWlNwXj3GmepoLPcRqlw7hu6TlRsYp0YG1gASNiA; https://encrypted-tbn1.gstatic.com/images?q=tbn:ANd9GcQ5FLj42a7wra7APneLgLWHIOhtKEgYh-K00FMarWQL_uhwJDXlKsuvItZuq7I; https://encrypted-tbn2.gstatic.com/images?q=tbn:ANd9GcS54Ymc1NLSesUwsPGNizpYg6rCnPSxLrao45DWvL5a9c4GdzBRIp0EAjqnyM0,www.sportarena.hr; Index.hr; 24sata.hr
HR,psv eindhoven – excelsior,https://trends.google.com/trending/rss?geo=HR,"Tue, 14 Jan 2025 12:50:00 -0800",200+,,https://encrypted-tbn0.gstatic.com/images?q=tbn:ANd9GcTm5jAd_PSEWYwEsC4nsWwPvIyFp36kBSOJm2F-UWe0jAqsc4y11HiNgydiwxY,Sports Mole,"Preview: PSV Eindhoven vs. SBV Excelsior - prediction, team news, lineups; Interview | 'They have many players with Eredivisie experience'; PSV Eindhoven vs Excelsior Prediction and Betting Tips | January 14th 2025",https://www.sportsmole.co.uk/football/psv-eindhoven/knvb-beker/preview/preview-psv-vs-excelsior-prediction-team-news-lineups_562701.html; https://www.psv.nl/en/media/video/interview-ze-hebben-veel-spelers-met-eredivisie-ervaring; https://www.sportskeeda.com/football/psv-eindhoven-vs-excelsior-prediction-betting-tips-january-14th-2025,https://encrypted-tbn0.gstatic.com/images?q=tbn:ANd9GcTm5jAd_PSEWYwEsC4nsWwPvIyFp36kBSOJm2F-UWe0jAqsc4y11HiNgydiwxY; https://encrypted-tbn1.gstatic.com/images?q=tbn:ANd9GcSwDH58Jw2ZZZI_QBm01BZpulyd5PFLXkFxCQGO06_Av2amiIsE3EqFYy0fLG0; https://encrypted-tbn0.gstatic.com/images?q=tbn:ANd9GcSFKwZMd9qw1SAaSZ8HOAxnWsg9AzHeRWbHRlbK6T0kcvcdGkmRmFQgMnU3C9E,Sports Mole; PSV; Sportskeeda
HR,weather tomorrow,https://trends.google.com/trending/rss?geo=HR,"Tue, 14 Jan 2025 12:00:00 -0800",500+,,https://encrypted-tbn1.gstatic.com/images?q=tbn:ANd9GcR4l4rZVTdX1rSkb2eShiGDaHwsHGJo5V5ahnW1DZSOSyD7BdWIC_hTR_Wct4A,The Washington Post,"CWG Live updates: Evening snow showers with new cold front and bitter winds through Wednesday; Impact Days ahead as frigid, sub-zero temperatures continue in Western PA; Dangerous, bitter cold temperatures Tuesday",https://www.washingtonpost.com/weather/2025/01/14/dc-weather-live-updates-arctic-cold/; https://www.wtae.com/article/western-pennsylvania-snow-showers-sub-zero-cold/63418663; https://www.whio.com/news/local/bundle-up-dangerous-cold-tonight-even-icier-air-way/A6Q3RT3FGBCITO5HQZEMFY57FQ/,https://encrypted-tbn1.gstatic.com/images?q=tbn:ANd9GcR4l4rZVTdX1rSkb2eShiGDaHwsHGJo5V5ahnW1DZSOSyD7BdWIC_hTR_Wct4A; https://encrypted-tbn3.gstatic.com/images?q=tbn:ANd9GcQpsBOA53lMe3YAeErq0TigKbsj_iYxVIs17OfZaPmfOT8qrVC7uWdWB1BSCVQ; https://encrypted-tbn1.gstatic.com/images?q=tbn:ANd9GcTtrwCmA50deXb8u9wneZqV7QkSEijx0sVsyhVq0LY2e14C-h9iWByOR2uoFoM,The Washington Post; WTAE; WHIO TV
HR,dundee – celtic,https://trends.google.com/trending/rss?geo=HR,"Tue, 14 Jan 2025 11:30:00 -0800",200+,,https://encrypted-tbn1.gstatic.com/images?q=tbn:ANd9GcSpv_NBVolhWXmiFGa-wIXUixE8bd40nkZzQuzSo3JyNpWpIrzJpKWGQY529gg,OneFootball,"Team’s Up – Kuhn and Engels on bench, Taylor and Bernardo start; Brendan Rodgers singles out Auston Trusty for criticism and brands Celtic 'soft'; Video: Yang scores for Celtic before rapid OG pulls Dundee level",https://onefootball.com/it/notizie/teams-up-kuhn-and-engels-on-bench-taylor-and-bernardo-start-40561459; https://www.inkl.com/news/brendan-rodgers-singles-out-auston-trusty-for-criticism-and-brands-celtic-soft; https://thecelticstar.com/video-yang-scores-for-celtic-before-rapid-og-pulls-dundee-level/,https://encrypted-tbn1.gstatic.com/images?q=tbn:ANd9GcSpv_NBVolhWXmiFGa-wIXUixE8bd40nkZzQuzSo3JyNpWpIrzJpKWGQY529gg; https://encrypted-tbn1.gstatic.com/images?q=tbn:ANd9GcTrrYns6yrx_QOQ05AjX42kWEoCcREWOz9_Set4-J3-H_7hgkZ3IMXZq4bcDFs; https://encrypted-tbn2.gstatic.com/images?q=tbn:ANd9GcTw4mcpShMXIo-Gnm4OE1ebjyy-tvdQSLq0SKcT2mZhmCQRXbKh-Sj1R6FNfek,OneFootball; inkl; The Celtic Star
HR,nottingham forest – liverpool,https://trends.google.com/trending/rss?geo=HR,"Tue, 14 Jan 2025 11:10:00 -0800",2000+,,https://encrypted-tbn2.gstatic.com/images?q=tbn:ANd9GcSXZqhMXHndN36kHQek-g4GrylFt5fTkQsTrgd6XLxXyBlbkKmrCTmrZWrQ1uc,The Guardian,Nottingham Forest 1-1 Liverpool: Premier League – as it happened; No. 9 dilemma & how many draws are too many? – 5 talking points from Forest 1-1 Liverpool; Premier League predictions: Chris Sutton v Bank of Dave 2 stars Rory Kinnear and Dave Fishwick,https://www.theguardian.com/football/live/2025/jan/14/nottingham-forest-v-liverpool-premier-league-live; https://www.thisisanfield.com/2025/01/no-9-dilemma-how-many-draws-are-too-many-5-talking-points-from-forest-1-1-liverpool/; https://www.bbc.com/sport/football/articles/czenzpj2eyyo,https://encrypted-tbn2.gstatic.com/images?q=tbn:ANd9GcSXZqhMXHndN36kHQek-g4GrylFt5fTkQsTrgd6XLxXyBlbkKmrCTmrZWrQ1uc; https://encrypted-tbn0.gstatic.com/images?q=tbn:ANd9GcRNL3QD197xMsGs6jns0MpLIXt7k5wfXMsYtrEMoINNi2DWw8u6sPF8Mzg9JLc; https://encrypted-tbn1.gstatic.com/images?q=tbn:ANd9GcSQXbY18jJ1jZAu8FUg6P5ly-Cg2VHEwnjbYiAVNTzUAqpAeXEY_3tGTWNZ4Qc,The Guardian; This Is Anfield; BBC
HR,atalanta – juventus,https://trends.google.com/trending/rss?geo=HR,"Tue, 14 Jan 2025 11:00:00 -0800",1000+,,https://encrypted-tbn0.gstatic.com/images?q=tbn:ANd9GcQID-tlkI4PcL5Sg-sE8IvFkLKfZyB2cABSQ7Ut-eX1tcevjTBWuz6TAx8DR5g,La Gazzetta dello Sport,"La Juve ha fatto 13... pareggi. Retegui entra e salva Gasp, ma l'Atalanta scivola a -4 dal Napoli; Motta dopo il pari di Bergamo: ""Grande prestazione ma non siamo contenti""; Ruggeri prima del match: ""Assenza di Vlahovic? Pensiamo a noi dovremo essere impeccabili""",https://www.gazzetta.it/Calcio/Serie-A/Juventus/14-01-2025/atalanta-juventus-1-1-gol-di-kalulu-e-retegui.shtml; https://www.diretta.it/news/calcio-serie-a-motta-dopo-il-pari-di-bergamo-grande-prestazione-ma-non-siamo-contenti/AqcTIrRk/; https://www.tuttoatalanta.com/interviste/ruggeri-prima-del-match-assenza-di-vlahovic-pensiamo-a-noi-dovremo-essere-impeccabili-112325,https://encrypted-tbn0.gstatic.com/images?q=tbn:ANd9GcQID-tlkI4PcL5Sg-sE8IvFkLKfZyB2cABSQ7Ut-eX1tcevjTBWuz6TAx8DR5g; https://encrypted-tbn0.gstatic.com/images?q=tbn:ANd9GcSYf2u2RQvNSHpSe-caL9Eqa5gZHHAzY7y0Q_x_pyC_kUkXEcXqDpDkAqHbKsg; https://encrypted-tbn2.gstatic.com/images?q=tbn:ANd9GcRFFjtSuSqbRq_7JhXcbhE192B8zBY06PKkRK0ITc-83O6GbYKhVLrLZNOtxis,La Gazzetta dello Sport; Diretta; Tutto Atalanta
HR,west ham – fulham,https://trends.google.com/trending/rss?geo=HR,"Tue, 14 Jan 2025 11:00:00 -0800",500+,,https://encrypted-tbn1.gstatic.com/images?q=tbn:ANd9GcRyLuTAGMU12WOqZHNjxsm_XeSc50yVS1j9rQJir00YYHMBw8Zk-aqavehMApM,BBC,"West Ham United 3-2 Fulham: Graham Potter earns first win as Hammers boss; 'It's a very, very positive start'; Marco Silva furious after defeat to West Ham: ""The best team lost""",https://www.bbc.com/sport/football/live/cz0l74nrn91t; https://www.aol.com/very-very-positive-start-224604850.html; https://www.footboom1.com/en/news/football/2296570-marco-silva-furious-after-defeat-to-west-ham-the-best-team-lost,https://encrypted-tbn1.gstatic.com/images?q=tbn:ANd9GcRyLuTAGMU12WOqZHNjxsm_XeSc50yVS1j9rQJir00YYHMBw8Zk-aqavehMApM; https://encrypted-tbn2.gstatic.com/images?q=tbn:ANd9GcQ6ZICVJqSmiREr3CXWIZHp7fQdjNTgCQNs6AFS5HRrHpu-QybmtlqcOerpV1I; https://encrypted-tbn1.gstatic.com/images?q=tbn:ANd9GcRGFLuuHLaIVEp0qXEFo4RT5HXntMxEdu44Z4fgUjN4bdtKA-I4s3GwYsF0YUE,BBC; AOL.com; FootBoom
HR,chelsea – bournemouth,https://trends.google.com/trending/rss?geo=HR,"Tue, 14 Jan 2025 10:50:00 -0800",500+,,https://encrypted-tbn1.gstatic.com/images?q=tbn:ANd9GcTOuVMX4CxRUJiq_m0MbtAjPItK8tVv9poynVGathZ9F-Kw54BPgdP9wJmvqeA,beIN SPORTS,James rescues draw for Chelsea with late free-kick; Enzo Maresca names two things his team “need to improve”; 'He reminds me of Lionel Messi!' - Cole Palmer equals incredible Eden Hazard stat with cold and calm goal for Chelsea against Bournemouth as Joe Cole makes GOAT comparison,https://www.beinsports.com/en-au/football/premier-league/articles-video/james-rescues-draw-for-chelsea-with-late-free-kick-2025-01-14; https://chelsea.news/2025/01/enzo-maresca-need-to-improve-chelsea/; https://www.goal.com/en-ug/lists/lionel-messi-cole-palmer-equals-eden-hazard-stat-chelsea-bournemouth-joe-cole/blt397ec7bd2236d508,https://encrypted-tbn1.gstatic.com/images?q=tbn:ANd9GcTOuVMX4CxRUJiq_m0MbtAjPItK8tVv9poynVGathZ9F-Kw54BPgdP9wJmvqeA; https://encrypted-tbn3.gstatic.com/images?q=tbn:ANd9GcTOioNNPyHFRztSUuu8Q5RAlwP6EjmZ_yXo3WvTImxEFu5h9byF2jV9BFZqVMU; https://encrypted-tbn0.gstatic.com/images?q=tbn:ANd9GcRaFZ8mlpoohxzW__-74LKo9x8d76j_XZIrPMj8_J_lHU1NZfBhoJgHhcYTYp4,beIN SPORTS; Chelsea News; Goal.com
CY,tzoker,https://trends.google.com/trending/rss?geo=CY,"Tue, 14 Jan 2025 20:30:00 -0800",200+,,https://encrypted-tbn3.gstatic.com/images?q=tbn:ANd9GcRi38H5nGdqu2g8BUbeAe_-izCfaQ9sR7HV1BlXWW__5Wc3H3szGB3gTfBEaMg,Reporter Cyprus,Αυτοί είναι οι τυχεροί αριθμοί της κλήρωσης του Τζόκερ για τα 12 εκατ. ευρώ; 12 εκατομμύρια κληρώνει το Τζόκερ: Γιατί είναι πιο πιθανό να κερδίσεις την Τρίτη;; Νέο Τζάκποτ στο Τζόκερ: Εκτοξεύτηκε το ποσό – Πόσα μοιράζει η επόμενη κλήρωση,https://reporter.com.cy/article/2025/1/14/815841/autoi-einai-oi-tukheroi-arithmoi-tes-kleroses-tou-tzoker-gia-ta-12-ekat-euro/; https://www.alphanews.live/cyprus/12-ekatommyria-klironei-to-tzoker-giati-einai-pio-pithano-na-kerdiseis-tin-triti/; https://www.philenews.com/kipros/koinonia/article/1544686/neo-tzak-pot-sto-tzoker-ektoxeftike-to-poso-posa-mirazi-i-epomeni-klirosi/,https://encrypted-tbn3.gstatic.com/images?q=tbn:ANd9GcRi38H5nGdqu2g8BUbeAe_-izCfaQ9sR7HV1BlXWW__5Wc3H3szGB3gTfBEaMg; https://encrypted-tbn2.gstatic.com/images?q=tbn:ANd9GcTTgxVXEUte-NI1fa2kTX_GwTmY5eBtlF0Eopcv8dh3qW6Tv6E2FfUZE8bymQk; https://encrypted-tbn1.gstatic.com/images?q=tbn:ANd9GcSDuwKsqJU9YkNvsI8KZwIHz8VlsCmyj5zX6lNLCr-AraHETObEykgOmzK4LlA,Reporter Cyprus; AlphaNews; Philenews
CY,euroleague,https://trends.google.com/trending/rss?geo=CY,"Tue, 14 Jan 2025 13:50:00 -0800",100+,,https://encrypted-tbn2.gstatic.com/images?q=tbn:ANd9GcSlKujhOQFWLMTBxiEtjPT9ksHqB1GQnxYYX8ajLfKFkFRWHK-zRnz3XD5jfMA,BasketNews.com,Paris-Maccabi game rated high risk by authorities; Euroleague: Paris Basketball vs Maccabi Tel Aviv Match Rated High Risk by Authorities; Basket/Euroleague: Match Between Paris and Maccabi Tel Aviv Classified as High Risk,https://basketnews.com/news-217848-paris-maccabi-game-euroleague-round-22-classified-as-high-risk.html; https://www.footboom1.com/en/news/basketball/2294120-euroleague-paris-basketball-vs-maccabi-tel-aviv-match-rated-high-risk-by-authorities; https://www.footboom1.com/en/news/basketball/2295422-basket-euroleague-match-between-paris-and-maccabi-tel-aviv-classified-as-high-risk,https://encrypted-tbn2.gstatic.com/images?q=tbn:ANd9GcSlKujhOQFWLMTBxiEtjPT9ksHqB1GQnxYYX8ajLfKFkFRWHK-zRnz3XD5jfMA; https://encrypted-tbn3.gstatic.com/images?q=tbn:ANd9GcQWoVT80Yywcr7wONUYaL87QtldiH0QTMwyf_WLiqubQww0H1P7Sg2vaS76PS8; https://encrypted-tbn1.gstatic.com/images?q=tbn:ANd9GcS_9CvVgEmkJI3qgSBmGFsfzHf1MfjaPrFO-6yL8wxzQ9H0SRoDTXRTp-tayVE,BasketNews.com; FootBoom; FootBoom
CY,chelsea vs bournemouth,https://trends.google.com/trending/rss?geo=CY,"Tue, 14 Jan 2025 13:20:00 -0800",200+,,https://encrypted-tbn0.gstatic.com/images?q=tbn:ANd9GcQ9VDSXsNxhLkKC-RqgjIySBySSDVUbW0JUMp9G7MFWVmvrReQtQSaraOGhWoU,BBC,Reece James: Chelsea defender shakes off 'lonely and frustrating' injuries to score equaliser; Maresca explains the reason for the draw against Bournemouth; 'He reminds me of Lionel Messi!' - Cole Palmer equals incredible Eden Hazard stat with cold and calm goal for Chelsea against Bournemouth as Joe Cole makes GOAT comparison,https://www.bbc.com/sport/football/articles/c9vmnwrwn7do; https://www.ysscores.com/en/news/10830282/Maresca-explains-the-reason-for-the-draw-against-Bournemouth; https://www.goal.com/en-gh/lists/lionel-messi-cole-palmer-equals-eden-hazard-stat-chelsea-bournemouth-joe-cole/blt397ec7bd2236d508,https://encrypted-tbn0.gstatic.com/images?q=tbn:ANd9GcQ9VDSXsNxhLkKC-RqgjIySBySSDVUbW0JUMp9G7MFWVmvrReQtQSaraOGhWoU; https://encrypted-tbn3.gstatic.com/images?q=tbn:ANd9GcQuz1xBAaOfJdU2BVz8qgRPK66msrIANM1joEHW8Tv893-R1gRzI5AXR69meLc; https://encrypted-tbn0.gstatic.com/images?q=tbn:ANd9GcRaFZ8mlpoohxzW__-74LKo9x8d76j_XZIrPMj8_J_lHU1NZfBhoJgHhcYTYp4,BBC; www.ysscores.com; Goal.com
CY,brentford vs man city,https://trends.google.com/trending/rss?geo=CY,"Tue, 14 Jan 2025 13:20:00 -0800",100+,,https://encrypted-tbn0.gstatic.com/images?q=tbn:ANd9GcQLrorBt9eOL1SPrglgxonbWejrKeRu_A8t9yiXKwHvc-K4AZVMtaqf92Q4D8o,BBC,"Brentford vs Manchester City: Premier League preview, team news, head-to-head & stats; Brentford 2-2 Man City: Christian Norgaard salvages draw as Pep Guardiola's side blow two-goal lead; Brentford 2-2 Man City, Chelsea 2-2 Bournemouth: Premier League – as it happened",https://www.bbc.com/sport/football/live/c4gxzl9pk0wt; https://www.skysports.com/football/news/12309/13286516/brentford-2-2-man-city-christian-norgaard-salvages-draw-as-pep-guardiolas-side-blow-two-goal-lead; https://www.theguardian.com/football/live/2025/jan/14/brentford-v-manchester-city-chelsea-v-bournemouth-premier-league-live,https://encrypted-tbn0.gstatic.com/images?q=tbn:ANd9GcQLrorBt9eOL1SPrglgxonbWejrKeRu_A8t9yiXKwHvc-K4AZVMtaqf92Q4D8o; https://encrypted-tbn2.gstatic.com/images?q=tbn:ANd9GcS6SozKVtgUCxjjNmbqGmNftGf-gjhQyUaal-ZmtXcOTe68ST0DoRMJR2ibst0; https://encrypted-tbn1.gstatic.com/images?q=tbn:ANd9GcTcuOL_RdQA5y4xeVTKeZHS4loNdyb6eLLvh6FpcecGIDJmow3pDfcpmLSFL1A,BBC; Sky Sports; The Guardian
CY,premier league,https://trends.google.com/trending/rss?geo=CY,"Tue, 14 Jan 2025 12:50:00 -0800",200+,,https://encrypted-tbn1.gstatic.com/images?q=tbn:ANd9GcQRls7OaLBAWRhhxb5y-OFF2rpgd81gyyqcWXAX2wbgxlScYGKIYN6Mte5q1jc,BBC,Premier League clubs avoid PSR charges for 2023-24 season; No clubs charged with PSR breaches — but Leicester City still at risk; Premier League PSR news: Clubs avoid Profit and Sustainability charges for 2021-2024 period,https://www.bbc.com/sport/football/articles/cx2y7l0dk02o; https://www.thetimes.com/sport/football/article/leicester-city-psr-premier-league-spending-rules-2qcql7792; https://www.skysports.com/football/news/11095/13288524/premier-league-psr-news-clubs-avoid-profit-and-sustainability-charges-for-2021-2024-period,https://encrypted-tbn1.gstatic.com/images?q=tbn:ANd9GcQRls7OaLBAWRhhxb5y-OFF2rpgd81gyyqcWXAX2wbgxlScYGKIYN6Mte5q1jc; https://encrypted-tbn1.gstatic.com/images?q=tbn:ANd9GcTTVnu2yri0Poj2CCv-BRivV1CVeXz8iUCf-TnstJeYU1654P2ICC6wmxpSSh0; https://encrypted-tbn1.gstatic.com/images?q=tbn:ANd9GcRuYnoPKwnIWd6Xbt2iFFStQs8EGxfXPeBunb7XvU_eUTfpCWMTMwTvFLfc_r0,BBC; The Times; Sky Sports
CY,nottm forest vs liverpool,https://trends.google.com/trending/rss?geo=CY,"Tue, 14 Jan 2025 11:50:00 -0800",1000+,,https://encrypted-tbn1.gstatic.com/images?q=tbn:ANd9GcQylShETcejEBWHDZQKocII03wbgsTFuB1VCQs9lVyVj8o_L1pRRLQ3fGafLyo,BBC,"'Forest heroics undone by Slot's super sub on night of pure theatre'; Nottingham Forest 1-1 Liverpool: Premier League – as it happened; Football Tracker: Liverpool and Forest draw, Atalanta rescue point against Juventus",https://www.bbc.com/sport/football/articles/cz7ew42qlzyo; https://www.theguardian.com/football/live/2025/jan/14/nottingham-forest-v-liverpool-premier-league-live; https://www.flashscore.com/news/football-tracker-liverpool-and-forest-draw-atalanta-rescue-point-against-juventus/MNlvwU66/,https://encrypted-tbn1.gstatic.com/images?q=tbn:ANd9GcQylShETcejEBWHDZQKocII03wbgsTFuB1VCQs9lVyVj8o_L1pRRLQ3fGafLyo; https://encrypted-tbn1.gstatic.com/images?q=tbn:ANd9GcRZQDllsNjRxO6PhYSpxvcHmVrOxxBNhLjQ1tPL3DE__LVQkZs_32Kt1mBAxVU; https://encrypted-tbn0.gstatic.com/images?q=tbn:ANd9GcSZ5gpaKyMVVuDx4qqQAtPnUhKa-nM9K3upG3cewWKBhmH1SvIsUVf6Y0Q7c0I,BBC; The Guardian; Flashscore.com
CY,φόρεστ εναντίον λίβερπουλ,https://trends.google.com/trending/rss?geo=CY,"Tue, 14 Jan 2025 11:30:00 -0800",500+,,https://encrypted-tbn0.gstatic.com/images?q=tbn:ANd9GcSgfsvQkWEvX9VAwrBlQDsnULIr8PJCi0cPXRFxYChiLYjRcftojOE_PbKpKP0,Kerkida,"Βρήκε τον μπελά της η Λίβερπουλ; Νότιγχαμ Φόρεστ - Λίβερπουλ 1-1: Ύψωσε «κόκκινο» τείχος στην πρωτοπόρο; Νότιγχαμ - Λίβερπουλ 1-1: Με ήρωα τον Σελς, η Φόρεστ έβαλε ξανά φρένο στους 'κόκκινους' και έκανε δώρο στην Άρσεναλ",https://www.kerkida.net/eidiseis/diethni/eyropi/liverpool/brike-ton-mpela-tis-i-liberpoyl; https://www.gazzetta.gr/football/premier-league/2409767/notigham-forest-liberpoyl-1-1-upsose-kokkino-teihos-stin-protoporo; https://www.sport24.gr/football/notigcham-liverpoyl-1-1-me-iroa-ton-sels-i-forest-evale-xana-freno-stoys-kokkinoys-kai-ekane-doro-stin-arsenal.10442588.html,https://encrypted-tbn0.gstatic.com/images?q=tbn:ANd9GcSgfsvQkWEvX9VAwrBlQDsnULIr8PJCi0cPXRFxYChiLYjRcftojOE_PbKpKP0; https://encrypted-tbn2.gstatic.com/images?q=tbn:ANd9GcRgNicJdM36uer3H3_PLL5NFdb63INHjbcbRTxD-T9AO0sWem1-TPVag96qDn8; https://encrypted-tbn2.gstatic.com/images?q=tbn:ANd9GcTdU_90ZXl4NA0XZvx98Oa059u-TryGBM1UNRwPuXlvWLKqmrnCAAJkOaiyO5A,Kerkida; Gazzetta.gr; SPORT24
CZ,fico,https://trends.google.com/trending/rss?geo=CZ,"Tue, 14 Jan 2025 20:50:00 -0800",100+,,https://encrypted-tbn2.gstatic.com/images?q=tbn:ANd9GcRaem0tJCJv-OgUld2BAmJEvHr4i37-eiiczvNfK6kMIlUOz0s1lBH7iIyOou8,Novinky,"To ocenění bych mu sebral. Fico se rozohnil nad gestem studenta, který nepodal ruku prezidentovi; Oceněný slovenský středoškolák odmítl podat ruku prezidentovi Pellegrinimu; Oceněný slovenský student odmítl podat ruku prezidentovi. Pellegrini je pro mě lhář a podvodník, řekl (+video)",https://www.novinky.cz/clanek/zahranicni-evropa-to-oceneni-bych-mu-sebral-fico-se-rozohnil-nad-gestem-studenta-ktery-nepodal-ruku-prezidentovi-40504607; https://www.seznamzpravy.cz/clanek/zahranicni-oceneny-slovensky-stredoskolak-odmitl-podat-ruku-prezidentovi-pellegrinimu-267948; https://denikn.cz/1625389/oceneny-slovensky-student-odmitl-podat-ruku-prezidentovi-pellegrini-je-pro-me-lhar-a-podvodnik-rekl-video/,https://encrypted-tbn2.gstatic.com/images?q=tbn:ANd9GcRaem0tJCJv-OgUld2BAmJEvHr4i37-eiiczvNfK6kMIlUOz0s1lBH7iIyOou8; https://encrypted-tbn1.gstatic.com/images?q=tbn:ANd9GcQJJKqxcAxEtRiHd4qfjAKwHKXbz5G2vei-rFXCU8Icm9kum04N4O9Tj76OxMM; https://encrypted-tbn3.gstatic.com/images?q=tbn:ANd9GcSzMGIokbnaiGAIptHstcf3652zvT9vUSNq7yew_SBKprLovenx-Up0Ojked-I,Novinky; Seznam Zprávy; Deník N
CZ,neil gaiman,https://trends.google.com/trending/rss?geo=CZ,"Tue, 14 Jan 2025 14:10:00 -0800",200+,,https://encrypted-tbn0.gstatic.com/images?q=tbn:ANd9GcStspyrDx2B9-bwx4olA4kkw1m09p4FLAzhYdWHmH2nmH7EkWufWhI7ShICW3c,The Guardian,Neil Gaiman denies sexual assault allegations after multiple women come forward; Neil Gaiman Allegations: Multiple Women Accuse ‘Sandman’ Author of Sexual Assault; 'The Sandman' writer Neil Gaiman accused of sexual assault by 9 women: Report,https://www.theguardian.com/books/2025/jan/15/neil-gaiman-denies-sexual-assault-allegations-new-york-magazine-ntwnfb; https://variety.com/2025/tv/global/neil-gaiman-allegations-sexual-assault-1236272893/; https://www.usatoday.com/story/entertainment/celebrities/2025/01/13/neil-gaiman-vulture-article-sexual-assault-allegations/77672679007/,https://encrypted-tbn0.gstatic.com/images?q=tbn:ANd9GcStspyrDx2B9-bwx4olA4kkw1m09p4FLAzhYdWHmH2nmH7EkWufWhI7ShICW3c; https://encrypted-tbn2.gstatic.com/images?q=tbn:ANd9GcRDOOhslXNK_MsOVHu1reuQf8l4Epl7Tbjp2ZbVSr16DlmqRSTC6HG0xNo9cOo; https://encrypted-tbn0.gstatic.com/images?q=tbn:ANd9GcTz0cEBaA8zLJbmkxmvZq7Fpq4U9Idg-MD0qdkaKhUX8VC17vTgxFTWE4RQ-HE,The Guardian; Variety; USA Today
CZ,liverpool,https://trends.google.com/trending/rss?geo=CZ,"Tue, 14 Jan 2025 14:00:00 -0800",100+,,https://encrypted-tbn1.gstatic.com/images?q=tbn:ANd9GcQylShETcejEBWHDZQKocII03wbgsTFuB1VCQs9lVyVj8o_L1pRRLQ3fGafLyo,BBC,'Forest heroics undone by Slot's super sub on night of pure theatre'; Nottingham Forest and Liverpool revive rivalry forged in late 1970s | Will Unwin; LIVE: Nottingham Forest vs. Liverpool,https://www.bbc.com/sport/football/articles/cz7ew42qlzyo; https://www.theguardian.com/football/2025/jan/14/nottingham-forest-liverpool-rivalry-clough-paisley; https://www.thisisanfield.com/2025/01/live-nottingham-forest-vs-liverpool-follow-the-premier-league-clash-here/,https://encrypted-tbn1.gstatic.com/images?q=tbn:ANd9GcQylShETcejEBWHDZQKocII03wbgsTFuB1VCQs9lVyVj8o_L1pRRLQ3fGafLyo; https://encrypted-tbn0.gstatic.com/images?q=tbn:ANd9GcR6_SuxpCLZxGjAjcjdKiZwsh6TEHlXRl7TNNe4Rw96p_YoUyPw6jaqgE73dFk; https://encrypted-tbn0.gstatic.com/images?q=tbn:ANd9GcRtPaSzd35eGpa6yzR6QB7rpikMGnTLyKViqfNwpn_vSJUe8VBfGgmT8Xrb8no,BBC; The Guardian; This Is Anfield
CZ,jan solfronk,https://trends.google.com/trending/rss?geo=CZ,"Tue, 14 Jan 2025 13:10:00 -0800",200+,,https://encrypted-tbn2.gstatic.com/images?q=tbn:ANd9GcTg727rC1fH8GxfJKL9d3utWIl_qLTIOdg_d8g21jfKmEb-R5DfRCo6RoBYmLA,TV Nova,"Bachelor Jan pod tlakem: S dívkami měl při hře problém; Bachelor plný vášně: Jan Solfronk odhodil zábrany a políbil rovnou tři dámy. Jedné z nich vyznal své city; Trapas v Bachelorovi! Lucie políbila Honzu, ten se odtáhl, ač se prý oblizoval s každou. Kráska se cítila strašně",https://tv.nova.cz/porad/bachelor/video-bonus/123527-bachelor-jan-pod-tlakem-s-divkami-mel-pri-hre-problem; https://www.extra.cz/bachelor-plny-vasne-jan-solfronk-odhodil-zabrany-a-polibil-rovnou-tri-damy-jedne-z-nich-vyznal-sve-city-2e4c9; https://www.super.cz/clanek/televize-trapas-v-bachelorovi-lucie-polibila-honzu-ten-se-odtahl-ac-se-pry-oblizoval-s-kazdou-kraska-se-citila-strasne-1511351,https://encrypted-tbn2.gstatic.com/images?q=tbn:ANd9GcTg727rC1fH8GxfJKL9d3utWIl_qLTIOdg_d8g21jfKmEb-R5DfRCo6RoBYmLA; https://encrypted-tbn3.gstatic.com/images?q=tbn:ANd9GcTKQmFiZ5HiVJTCt8gNtBXhcgi74FR2-0eN9bJ_jTC87TJC8rGpg3clmZDrL1A; https://encrypted-tbn1.gstatic.com/images?q=tbn:ANd9GcT_otOCtajumLcODz8KRI09iiB6nspFhX2GFsKm2jEw_eAKNVxRbfh63X2Q94s,TV Nova; eXtra.cz; Super.cz
CZ,atalanta – juventus,https://trends.google.com/trending/rss?geo=CZ,"Tue, 14 Jan 2025 12:00:00 -0800",200+,,https://encrypted-tbn0.gstatic.com/images?q=tbn:ANd9GcQID-tlkI4PcL5Sg-sE8IvFkLKfZyB2cABSQ7Ut-eX1tcevjTBWuz6TAx8DR5g,La Gazzetta dello Sport,"La Juve ha fatto 13... pareggi. Retegui entra e salva Gasp, ma l'Atalanta scivola a -4 dal Napoli; Motta dopo il pari di Bergamo: ""Grande prestazione ma non siamo contenti""; Ruggeri prima del match: ""Assenza di Vlahovic? Pensiamo a noi dovremo essere impeccabili""",https://www.gazzetta.it/Calcio/Serie-A/Juventus/14-01-2025/atalanta-juventus-1-1-gol-di-kalulu-e-retegui.shtml; https://www.diretta.it/news/calcio-serie-a-motta-dopo-il-pari-di-bergamo-grande-prestazione-ma-non-siamo-contenti/AqcTIrRk/; https://www.tuttoatalanta.com/interviste/ruggeri-prima-del-match-assenza-di-vlahovic-pensiamo-a-noi-dovremo-essere-impeccabili-112325,https://encrypted-tbn0.gstatic.com/images?q=tbn:ANd9GcQID-tlkI4PcL5Sg-sE8IvFkLKfZyB2cABSQ7Ut-eX1tcevjTBWuz6TAx8DR5g; https://encrypted-tbn0.gstatic.com/images?q=tbn:ANd9GcSYf2u2RQvNSHpSe-caL9Eqa5gZHHAzY7y0Q_x_pyC_kUkXEcXqDpDkAqHbKsg; https://encrypted-tbn2.gstatic.com/images?q=tbn:ANd9GcRFFjtSuSqbRq_7JhXcbhE192B8zBY06PKkRK0ITc-83O6GbYKhVLrLZNOtxis,La Gazzetta dello Sport; Diretta; Tutto Atalanta
CZ,nottingham – liverpool,https://trends.google.com/trending/rss?geo=CZ,"Tue, 14 Jan 2025 11:10:00 -0800",2000+,,https://encrypted-tbn0.gstatic.com/images?q=tbn:ANd9GcSpc_rL2g99EgyJ8nMvOKjxOfATfGmhgIzEW1IY2yU2gFLWHSLKlAGfKIqu3qI,Eurofotbal,Premier League - preview 21. kola: Šlágr v Nottinghamu; Účel světí prostředky. Nottingham nahání Liverpool statistikám navzdory; Liverpool podruhé v řadě v lize ztratil. Nottingham Forest uhrál remízu a pokračuje v senzační jízdě,https://www.eurofotbal.cz/clanky/premier-league-preview-21-kola-slagr-v-nottinghamu-739571/; https://sport.ceskatelevize.cz/clanek/fotbal/ucel-sveti-prostredky-nottingham-nahani-liverpool-statistikam-navzdory/678674873d97983dc6639dcf; https://www.ruik.cz/liverpool-podruhe-v-rade-v-lize-ztratil-nottingham-forest-uhral-remizu-a-pokracuje-v-senzacni-jizde/,https://encrypted-tbn0.gstatic.com/images?q=tbn:ANd9GcSpc_rL2g99EgyJ8nMvOKjxOfATfGmhgIzEW1IY2yU2gFLWHSLKlAGfKIqu3qI; https://encrypted-tbn0.gstatic.com/images?q=tbn:ANd9GcTwcP22ICXLXeKbtakeUfRWnWkl9hAzDlIvllc1Hqfu2IYecoyBu0N1g9urXww; https://encrypted-tbn3.gstatic.com/images?q=tbn:ANd9GcQxE8a0tZPditjyAq4qq4T_dotIp_eoLLGrMPsHWY39J7UXvwF8g_ZC3cRBRsQ,Eurofotbal; ČT sport; Ruik
CZ,chelsea – bournemouth,https://trends.google.com/trending/rss?geo=CZ,"Tue, 14 Jan 2025 10:50:00 -0800",1000+,,https://encrypted-tbn0.gstatic.com/images?q=tbn:ANd9GcRg-vJMx-_P1a0TeWDWrbmgdeq8Ha5nreYzw9b8HSJ6hPFh8pSOiUD0LynZk7U,Eurofotbal,"Bournemouth předvedl na hřišti Chelsea skvělou otočku, o tři body však v nastavení přišel; Chelsea vs Bournemouth: Preview zápasu a predikce; Chelsea 2-2 Bournemouth: Reece James scores 95th-minute equaliser in Premier League game",https://www.eurofotbal.cz/premier-league/2024-2025/reportaz/chelsea-fc-afc-bournemouth-926765/; https://www.footboom1.com/cz/news/football/2292517-chelsea-vs-bournemouth-match-preview-and-prediction; https://www.bbc.com/sport/football/live/c0lz8w9gkrxt,https://encrypted-tbn0.gstatic.com/images?q=tbn:ANd9GcRg-vJMx-_P1a0TeWDWrbmgdeq8Ha5nreYzw9b8HSJ6hPFh8pSOiUD0LynZk7U; https://encrypted-tbn3.gstatic.com/images?q=tbn:ANd9GcSMFE68vBEoE_qs1d0TNEwtAFpa_AssNq922042fiQbrmhuA_dqDIhyOSTb4aA; https://encrypted-tbn2.gstatic.com/images?q=tbn:ANd9GcR81QqwrXuTKzhFAD1L9mNKF-So1SONdgVgLQpRXENpOr8IWbEpNdlQ7JwVLF8,Eurofotbal; FootBoom; BBC
CZ,leverkusen – mainz,https://trends.google.com/trending/rss?geo=CZ,"Tue, 14 Jan 2025 10:40:00 -0800",2000+,,https://encrypted-tbn0.gstatic.com/images?q=tbn:ANd9GcQv6hCVLfYXAr-VW74HfBPq-8E1EnrwP_oVrKYhOHmSox-Dg30CpNNXV2PPebg,Spiegel,Fußball-Bundesliga: Der warme Atem der Verfolger; Niederlage beim Vorletzten: Dortmund und Sabitzer in der Krise; Bayer Leverkusen gegen den FSV Mainz 05 heute live im TV und Stream: Hier sehen Sie die Bundesliga,https://www.spiegel.de/sport/fussball/bundesliga-frankfurt-und-leverkusen-bleiben-dem-fc-bayern-auf-den-fersen-a-1458b9a8-e3b0-4043-92f8-11f37514ac82; https://kurier.at/sport/fussball/deutschland-fussball-bundesliga-dortmund-sabitzer-kiel-leverkusen/402998518; https://www.fr.de/sport/fussball/sie-die-bundesliga-bayer-leverkusen-gegen-den-fsv-mainz-05-live-im-tv-und-stream-hier-sehen-93512082.html,https://encrypted-tbn0.gstatic.com/images?q=tbn:ANd9GcQv6hCVLfYXAr-VW74HfBPq-8E1EnrwP_oVrKYhOHmSox-Dg30CpNNXV2PPebg; https://encrypted-tbn0.gstatic.com/images?q=tbn:ANd9GcTPbD1_tc_eRcv0FQVj-276pvt1Coe0L775nlLz34417aHGowhn4U-kzki4h4c; https://encrypted-tbn0.gstatic.com/images?q=tbn:ANd9GcTwXDUuau_fDV0kCQvRJo67znRCJhXu9WerMhwUqWrrRXJTUT72FAJBwMz3BK0,Spiegel; Kurier; Frankfurter Rundschau
CZ,west ham – fulham,https://trends.google.com/trending/rss?geo=CZ,"Tue, 14 Jan 2025 10:40:00 -0800",2000+,,https://encrypted-tbn1.gstatic.com/images?q=tbn:ANd9GcRyLuTAGMU12WOqZHNjxsm_XeSc50yVS1j9rQJir00YYHMBw8Zk-aqavehMApM,BBC,"West Ham United 3-2 Fulham: Graham Potter earns first win as Hammers boss; 'It's a very, very positive start'; Marco Silva furious after defeat to West Ham: ""The best team lost""",https://www.bbc.com/sport/football/live/cz0l74nrn91t; https://www.aol.com/very-very-positive-start-224604850.html; https://www.footboom1.com/en/news/football/2296570-marco-silva-furious-after-defeat-to-west-ham-the-best-team-lost,https://encrypted-tbn1.gstatic.com/images?q=tbn:ANd9GcRyLuTAGMU12WOqZHNjxsm_XeSc50yVS1j9rQJir00YYHMBw8Zk-aqavehMApM; https://encrypted-tbn2.gstatic.com/images?q=tbn:ANd9GcQ6ZICVJqSmiREr3CXWIZHp7fQdjNTgCQNs6AFS5HRrHpu-QybmtlqcOerpV1I; https://encrypted-tbn1.gstatic.com/images?q=tbn:ANd9GcRGFLuuHLaIVEp0qXEFo4RT5HXntMxEdu44Z4fgUjN4bdtKA-I4s3GwYsF0YUE,BBC; AOL.com; FootBoom
CZ,brentford – man city,https://trends.google.com/trending/rss?geo=CZ,"Tue, 14 Jan 2025 10:40:00 -0800",2000+,,https://encrypted-tbn0.gstatic.com/images?q=tbn:ANd9GcQLrorBt9eOL1SPrglgxonbWejrKeRu_A8t9yiXKwHvc-K4AZVMtaqf92Q4D8o,BBC,"Brentford vs Manchester City: Premier League preview, team news, head-to-head & stats; Brentford 2-2 Man City, Chelsea 2-2 Bournemouth: Premier League – as it happened; Guardiola: We are disappointed, and I do not know the reason for this","https://www.bbc.com/sport/football/live/c4gxzl9pk0wt; https://www.theguardian.com/football/live/2025/jan/14/brentford-v-manchester-city-chelsea-v-bournemouth-premier-league-live; https://www.ysscores.com/en/news/10831259/Guardiola:-We-are-disappointed,-and-I-do-not-know-the-reason-for-this",https://encrypted-tbn0.gstatic.com/images?q=tbn:ANd9GcQLrorBt9eOL1SPrglgxonbWejrKeRu_A8t9yiXKwHvc-K4AZVMtaqf92Q4D8o; https://encrypted-tbn1.gstatic.com/images?q=tbn:ANd9GcTcuOL_RdQA5y4xeVTKeZHS4loNdyb6eLLvh6FpcecGIDJmow3pDfcpmLSFL1A; https://encrypted-tbn3.gstatic.com/images?q=tbn:ANd9GcQuA7T4VGsDcpfi_lhcI4ga_0ApQh9ly5Pf8HfS9DmkcQf_UOljLb3dmeZm14M,BBC; The Guardian; www.ysscores.com
DK,tatjana maria,https://trends.google.com/trending/rss?geo=DK,"Tue, 14 Jan 2025 16:50:00 -0800",100+,,https://encrypted-tbn2.gstatic.com/images?q=tbn:ANd9GcT0EZeI20TC-cTWb2FtKxwQ_Dn3ceDVhojMUBnF279bKKbnTycAezGZ_mCYWCw,BT,Tauson knuser tysker og er klar til storkamp ved Australian Open; Australian Open: Clara Tauson vs. Tatjana Maria; Regnvejr driller igen Tauson før anden runde i Australien,https://www.bt.dk/tennis/tauson-knuser-tysker-og-er-klar-til-storkamp-ved-australian-open?gaa_at=eafs&gaa_n=AVINqTxZYtV1WBmKuXUeby7XWsCXEnIkkUx8PmHo1tspjDeR2jBfVT9r0M2t&gaa_ts=67875109&gaa_sig=lIPcQbmFe_4jyUz0DHB0IAUVcYgm3WdxWBgWxgKD-RiKo9HnKQ4MIxw1YY1gK9XYR960dN6Nmkql0ev7i95irw%3D%3D; https://sport.tv2.dk/live/tennis/2025-01-14-australian-open-clara-tauson-vs-tatjana-maria; https://www.berlingske.dk/sport/regnvejr-driller-igen-tauson-foer-anden-runde-i-australien?gaa_at=eafs&gaa_n=AVINqTzYQK6bQeicQBb2HAIGRJKarkjtsP8QttlUka02L_RK51JWykJU1DvZ&gaa_ts=67875109&gaa_sig=C985VcSBRKwmgH-QvZEZ41_aXQ3BXR9GRMv64DYsOAEvxrZg4qR4Amw17A4IOtgbs8ip75VC2_iUE422OTWVzw%3D%3D,https://encrypted-tbn2.gstatic.com/images?q=tbn:ANd9GcT0EZeI20TC-cTWb2FtKxwQ_Dn3ceDVhojMUBnF279bKKbnTycAezGZ_mCYWCw; https://encrypted-tbn3.gstatic.com/images?q=tbn:ANd9GcTPPaMTAEmyfu_imEVuESVQn_tsOh80lKZj6s6MjGIfGw47mk0PEua_I8S79NA; https://encrypted-tbn1.gstatic.com/images?q=tbn:ANd9GcRaQdBqzkCAcSRSVEq5puIbNrqjDbpqt2-nvgBM7_VF-5NyjsafbBpznlGLQmc,BT; TV 2 Sport; Berlingske
DK,australian open 2025,https://trends.google.com/trending/rss?geo=DK,"Tue, 14 Jan 2025 16:30:00 -0800",200+,,https://encrypted-tbn0.gstatic.com/images?q=tbn:ANd9GcRzb6AJhX9qtJBxyuwvEWTZL_FM9j-_dmWNAlOMKAOjQQI46OEjpJdlQ78oNFs,The Guardian,"Australian Open avatars helping tennis reach new audience; Cheeky Aus Open broadcasting move leaves fans divided; Australian Open Is Streaming Matches With Wii Characters To Combat Broadcast Restrictions, And It's Awesome",https://www.theguardian.com/sport/2025/jan/14/australian-open-avatars-helping-tennis-reach-new-audience; https://www.codesports.com.au/tennis/cheeky-aus-open-broadcasting-move-leaves-fans-divided/video/00f3b340709732b85aef8c988fecf8f6; https://www.outkick.com/sports/australian-open-wii-stream-broadcasting-rights,https://encrypted-tbn0.gstatic.com/images?q=tbn:ANd9GcRzb6AJhX9qtJBxyuwvEWTZL_FM9j-_dmWNAlOMKAOjQQI46OEjpJdlQ78oNFs; https://encrypted-tbn3.gstatic.com/images?q=tbn:ANd9GcT8q1hoZ6SyTpq9_gYktiCY7cH2r7tHiyr_4_LYa-UCgA0A6fo1P-VnecQXOrs; https://encrypted-tbn3.gstatic.com/images?q=tbn:ANd9GcQUMv-k4_klFIoZbjppGq8IBY_wJjtC6j1WCQoBuu7vtgulh5PsnQqh9yFpnmg,The Guardian; CODE Sports; OutKick
DK,jacob holm,https://trends.google.com/trending/rss?geo=DK,"Tue, 14 Jan 2025 13:00:00 -0800",200+,,https://encrypted-tbn1.gstatic.com/images?q=tbn:ANd9GcQptSutH-8LlhkbbbYVkt6X5N8bMHUDirKm2ltdF8RwlgGdbOU4DWNQTcttvnk,BT,Møllgaard bliver træner for Holm: Vi skal få det til at fungere; Landholdsstjerne sælger huset i Åbyhøj; Henrik Møllgaard river døtrene ud af de trygge rammer: - Kommer til at gøre ondt,https://www.bt.dk/haandbold/moellgaard-bliver-traener-for-holm-vi-skal-faa-det-til-at-fungere?gaa_at=eafs&gaa_n=AVINqTwgnbxz87VFzAnEyAi5nRAGIGB9HwfTOIAH69jSbmKplcD4965vEyvK&gaa_ts=67875109&gaa_sig=IGUW2ssaDMAxK89VahEn-bFVVYeHA4OqcPiIEk7WYgG1ARb6Wg61NxvrieJh-49wS7aXidR6x-GnA7D2OtqUJA%3D%3D; https://www.tv2ostjylland.dk/aarhus/landholdstjerne-saelger-huset-i-abyhoj; https://www.seoghoer.dk/sport/henrik-moellgaard-river-doetrene-ud-af-de-trygge-rammer-kommer-til-goere-ondt,https://encrypted-tbn1.gstatic.com/images?q=tbn:ANd9GcQptSutH-8LlhkbbbYVkt6X5N8bMHUDirKm2ltdF8RwlgGdbOU4DWNQTcttvnk; https://encrypted-tbn2.gstatic.com/images?q=tbn:ANd9GcRpOFfSzyJlifha5dtQXJeM6yK-rug4NeGYGZW1YoPhNkRFHPN2f0dNTX3MK3c; https://encrypted-tbn3.gstatic.com/images?q=tbn:ANd9GcT9sHcDOjqciv8a9dtOah5wZHnHVwybqSWTfs0NEKvQIztySysUEooyrbmSowY,BT; TV2 Østjylland; SE og HØR
DK,mads mensah,https://trends.google.com/trending/rss?geo=DK,"Tue, 14 Jan 2025 13:00:00 -0800",200+,,https://encrypted-tbn1.gstatic.com/images?q=tbn:ANd9GcRgn_GWSpWXnMAWkxfXoFDojNkGMtjcOE71MykOQGaE-VaifIDPEKycwjl8Gkg,dr.dk,Landsholdsstjerne kørte hele natten for at støtte sine venner i finale; Mads Mensah har tabt sig flere kilo det sidste år; Her er Danmarks oversiddere i VM-åbner,https://www.dr.dk/sporten/haandbold/vm-herrer/mensahs-lange-tur-til-lille-er-et-udtryk-landsholdets-enorme-faellesskab; https://europamester.dk/mads-mensah-har-tabt-sig-flere-kilo-det-sidste; https://sport.tv2.dk/haandbold/2025-01-14-her-er-danmarks-oversiddere-i-vm-aabner,https://encrypted-tbn1.gstatic.com/images?q=tbn:ANd9GcRgn_GWSpWXnMAWkxfXoFDojNkGMtjcOE71MykOQGaE-VaifIDPEKycwjl8Gkg; https://encrypted-tbn2.gstatic.com/images?q=tbn:ANd9GcQO04qiXtaXQayM3Lmd2BzpkyNZbtIExpzzHKc_e0FC1AkwcIWdSq5I1IlqOZ0; https://encrypted-tbn3.gstatic.com/images?q=tbn:ANd9GcTm5bh5zpm-L12TRPW37Wq-0lHqbKQbXqthJvGpgDPs0l8fo71fEtmMACiloMI,dr.dk; EuropaMester; TV 2 Sport
DK,emil madsen håndbold,https://trends.google.com/trending/rss?geo=DK,"Tue, 14 Jan 2025 12:50:00 -0800",200+,,https://encrypted-tbn0.gstatic.com/images?q=tbn:ANd9GcSvUCzrbZUIK7U6V41Mnqep4YSjb_vAm5pzXlZvoFjharslFhmaZ8DZQMhfALQ,TV 2 Sport,"Et år har ændret meget for Emil Madsen; Dansk Kiel-stjerne: Sproget har nok været det sværeste; Stjerner på stribe hylder Simon Kjær | Korte videoer, der oplyser og underholder",https://sport.tv2.dk/haandbold/2025-01-13-et-aar-har-aendret-meget-for-emil-madsen; https://europamester.dk/dansk-kiel-stjerne-sproget-har-nok-varet-det-svareste; https://tv2.dk/reel/2025-01-13-stjerner-paa-stribe-hylder-simon-kjaer-6367046510112,https://encrypted-tbn0.gstatic.com/images?q=tbn:ANd9GcSvUCzrbZUIK7U6V41Mnqep4YSjb_vAm5pzXlZvoFjharslFhmaZ8DZQMhfALQ; https://encrypted-tbn0.gstatic.com/images?q=tbn:ANd9GcTOH-h-6twylOXxVG1oU6xT1B_RuqfFPcrMG4zER-Xe4OSEM-_HZyGk0Nvpi8Y; https://encrypted-tbn1.gstatic.com/images?q=tbn:ANd9GcTPpiD2osptNJ6ud-HSgFgZC1urFygvm93zdg9vZlC62-kHlNv2xTsDkNd7AHc,TV 2 Sport; EuropaMester; TV 2
DK,emil madsen,https://trends.google.com/trending/rss?geo=DK,"Tue, 14 Jan 2025 12:40:00 -0800",1000+,,https://encrypted-tbn0.gstatic.com/images?q=tbn:ANd9GcSU4kbzkElm2_QvYmj-iJy3YgzyFp_j9AEs_n6jr0ofeinWJBTglBWvvBRDamo,MigogAarhus,Får ny aftale i fødselsdagsgave: AGF forlænger med vigtig midtbaneprofil; Tidligere SIF-profil binder sig til ærkerivaler; Jubler over forlængelse: Han har udviklet sig flot,https://migogaarhus.dk/agf-forlaenger-med-mads-emil-madsen/; https://www.sportsilkeborg.dk/artikel/281a36e4-9b51-4ce1-b329-6f971dd08574/; https://www.tipsbladet.dk/nyhed/superliga/jubler-over-forlaengelse-han-har-udviklet-sig-flot,https://encrypted-tbn0.gstatic.com/images?q=tbn:ANd9GcSU4kbzkElm2_QvYmj-iJy3YgzyFp_j9AEs_n6jr0ofeinWJBTglBWvvBRDamo; https://encrypted-tbn2.gstatic.com/images?q=tbn:ANd9GcQN1mETmCWsSEYPLa7pN7ir2e9KLwQ7_jhQa-6J85NFQm8rlvfP0arQ0RkiP6c; https://encrypted-tbn0.gstatic.com/images?q=tbn:ANd9GcSs_EercED65UCnp9K6teTbdFoHH9l3orQst1WwQBCkRbuXOhE1a21ZsQTu6_8,MigogAarhus; Sport Silkeborg; Tipsbladet.dk
DK,emil nielsen kæreste,https://trends.google.com/trending/rss?geo=DK,"Tue, 14 Jan 2025 12:40:00 -0800",200+,,https://encrypted-tbn1.gstatic.com/images?q=tbn:ANd9GcThjqhWbuglv_jMc3v0h9E_cwPwsBjFsER4ey2Kr0u3kRHPzeDvF9BKiEJ8yB8,ALT.dk,Se billederne: Her er Emil Nielsens kæreste; Emil Nielsen - min egen vej | Se dokumentaren her; Emil Nielsen i gyldent 2024: Barcelona kalder mig golden boy,https://www.alt.dk/artikler/handboldspiller-emil-nielsen-kaereste/5504649; https://play.tv2.dk/program/emil-nielsen-min-egen-vej-0ad9bc8e-63f8-47ef-930c-1605f29cb903; http://www.msn.com/da-dk/sport/fodbold/emil-nielsen-i-gyldent-2024-barcelona-kalder-mig-golden-boy/ar-BB1riRnS?apiversion=v2&noservercache=1&domshim=1&renderwebcomponents=1&wcseo=1&batchservertelemetry=1&noservertelemetry=1,https://encrypted-tbn1.gstatic.com/images?q=tbn:ANd9GcThjqhWbuglv_jMc3v0h9E_cwPwsBjFsER4ey2Kr0u3kRHPzeDvF9BKiEJ8yB8; https://encrypted-tbn1.gstatic.com/images?q=tbn:ANd9GcTb9c2ZfoRR4252IWbo5LLo4twSrFXbvvfpovdSpPdiAdT_IdCEIXAmv7BHYtQ; https://encrypted-tbn0.gstatic.com/images?q=tbn:ANd9GcRDt-avUwuHgTCFN3waHZ4l3ZuDJYsPlJpMvzfw0LszP3ei2Mptm84R1QWGOL0,ALT.dk; TV 2 Play; MSN
DK,magnus saugstrup,https://trends.google.com/trending/rss?geo=DK,"Tue, 14 Jan 2025 11:50:00 -0800",500+,,https://encrypted-tbn3.gstatic.com/images?q=tbn:ANd9GcTkE-DTjxSTo0eqnc2--MmpzUYaAdN5MinVRDr9bFrRGrV_3-9unDPhcui0LlU,BILLED-BLADET,"Tilfældighed gjorde, at Magnus Saugstrup og familien undgik terrorangreb i Magdeburg; Magnus Saugstrup med chokerende afsløring: Millimeter fra at terrorangreb kunne have ramt ham; Undgik terrorangreb ved tilfældighed: Magnus Saugstrup og familien skulle have været på julemarkedet",https://www.billedbladet.dk/kendte/danmark/sport/tilfaeldighed-gjorde-magnus-saugstrup-og-familien-undgik-terrorangreb-i; https://www.msn.com/da-dk/nyheder/other/magnus-saugstrup-med-chokerende-afsl%C3%B8ring-millimeter-fra-at-terrorangreb-kunne-have-ramt-ham/ar-BB1rqFSI; https://www.seoghoer.dk/sport/undgik-terrorangreb-ved-tilfaeldighed-magnus-saugstrup-og-familien-skulle-have-vaeret-paa,https://encrypted-tbn3.gstatic.com/images?q=tbn:ANd9GcTkE-DTjxSTo0eqnc2--MmpzUYaAdN5MinVRDr9bFrRGrV_3-9unDPhcui0LlU; https://encrypted-tbn2.gstatic.com/images?q=tbn:ANd9GcQZJMd04LvX6AuhXY-fbsiWDKpUgaDTzGHd4eqh-7-3mmodF2XqYBcGybX2HCk; https://encrypted-tbn3.gstatic.com/images?q=tbn:ANd9GcQY62yOzQHqU1g7vluzXR7hr-AswYNi-OwN3Y2JjQeGjYokipwt5JyBQaaoWEk,BILLED-BLADET; MSN; SE og HØR
DK,drtv,https://trends.google.com/trending/rss?geo=DK,"Tue, 14 Jan 2025 11:40:00 -0800",2000+,,https://encrypted-tbn0.gstatic.com/images?q=tbn:ANd9GcQoJQ1YujhW80dFHZnywMWY8KWHSpE02jABBvKGFKJHvLVQE2reRUhhHdIA4QU,DR.dk,"Fejl i ’Røverkøb i provinsen’; Det er jo ikke spor svært at finde et billigt hus i provinsen, DR; Røverkøb i provinsen fjernet efter kritik: DR har fundet flere fejl",https://www.dr.dk/etik-og-rettelser/fejl-og-fakta/fejl-i-roeverkoeb-i-provinsen; https://heartbeats.dk/det-er-jo-ikke-spor-svaert-at-finde-et-billigt-hus-i-provinsen-dr/; https://www.billedbladet.dk/kendte/danmark/tv/roeverkoeb-i-provinsen-fjernet-efter-kritik-dr-har-fundet-flere-fejl,https://encrypted-tbn0.gstatic.com/images?q=tbn:ANd9GcQoJQ1YujhW80dFHZnywMWY8KWHSpE02jABBvKGFKJHvLVQE2reRUhhHdIA4QU; https://encrypted-tbn2.gstatic.com/images?q=tbn:ANd9GcTx0lhC-1ICxbk7ZfICDR6a4P019FMaVMNPi6sVdzyw8yRpJ4ccAADzwZGGPjQ; https://encrypted-tbn2.gstatic.com/images?q=tbn:ANd9GcRUVk_98hPXuIAm95BRkAQtEz1flqv8dh5kdiE8W9JHRx9pj1poV3dLsMy7rWk,DR.dk; Heartbeats; BILLED-BLADET
DK,simon pytlick,https://trends.google.com/trending/rss?geo=DK,"Tue, 14 Jan 2025 11:40:00 -0800",1000+,,https://encrypted-tbn2.gstatic.com/images?q=tbn:ANd9GcRn6ActBlOzc1vKOM5uob1A1qXXaQnGOe4Wq_7fBGuTA6-TKe1ASlYh0u7as_I,BILLED-BLADET,Stolt far sidder klar på lægterne: Jan Pytlick sætter søde ord på sønnens store øjeblik; Svensk medie: Ingen når Gidsel til sokkeholderne på højrebackpositionen; Thomas Arnoldsen er blandt de bedste playmakere til VM - se listen her,https://www.billedbladet.dk/kendte/danmark/sport/stolt-far-sidder-klar-paa-laegterne-jan-pytlick-saetter-soede-ord-paa-soennens; https://europamester.dk/svensk-medie-ingen-nar-gidsel-til-sokkeholderne-hojrebackpositionen; https://europamester.dk/svensk-medie-thomas-arnoldsen-blandt-bedste-playmakere-til,https://encrypted-tbn2.gstatic.com/images?q=tbn:ANd9GcRn6ActBlOzc1vKOM5uob1A1qXXaQnGOe4Wq_7fBGuTA6-TKe1ASlYh0u7as_I; https://encrypted-tbn1.gstatic.com/images?q=tbn:ANd9GcT7UmtxJQBWH02DGbKV255fzkz32HOy000zAhtdhY3aUHdrAWk3wsFLdwq3YD0; https://encrypted-tbn0.gstatic.com/images?q=tbn:ANd9GcT8sVixcQ81rR0Ue2BPeBMhik-KV09QcqrhqnXIQxtpUGCkQGrrSd0L2KMg8Yk,BILLED-BLADET; EuropaMester; EuropaMester
EE,facebook,https://trends.google.com/trending/rss?geo=EE,"Tue, 14 Jan 2025 20:10:00 -0800",100+,,https://encrypted-tbn0.gstatic.com/images?q=tbn:ANd9GcTbzvjFDTz3WiskYE8_zp4yk8wTDA_Z7o-EAKYDBo9xiQhKD1GnxvaivSPswyU,The New York Times,Inside Mark Zuckerberg’s Sprint to Remake Meta for the Trump Era; Biden says Meta's decision to get rid of fact-checkers is 'really shameful'; Mark Zuckerberg Changes Direction On Facebook Monitoring,https://www.nytimes.com/2025/01/10/technology/meta-mark-zuckerberg-trump.html; https://www.cnn.com/2025/01/10/business/video/biden-reacts-meta-zuckerberg-fact-check-digvid; https://www.forbes.com/sites/johnbbrandon/2025/01/13/mark-zuckerberg-changes-direction-on-facebook-monitoring/,https://encrypted-tbn0.gstatic.com/images?q=tbn:ANd9GcTbzvjFDTz3WiskYE8_zp4yk8wTDA_Z7o-EAKYDBo9xiQhKD1GnxvaivSPswyU; https://encrypted-tbn1.gstatic.com/images?q=tbn:ANd9GcRP_24IMef8N5F8JvtzA1vO30Ujls_lus0P6fUJMPXxxE18T0t9cbi-1IEL7Sg; https://encrypted-tbn1.gstatic.com/images?q=tbn:ANd9GcQ9qNwxFRKWjSYS39udi-OuScCiLOEyV2lpyf8tlQn3HgsTlY2M2AHsxvc_21k,The New York Times; CNN; Forbes
FI,patrik laine,https://trends.google.com/trending/rss?geo=FI,"Tue, 14 Jan 2025 21:20:00 -0800",100+,,https://encrypted-tbn0.gstatic.com/images?q=tbn:ANd9GcSMtruoTRtDGgdz9Wjtgz684V9MP11qnSByeAUqg25n4w_4Ln9oTEz9rINapvM,Iltalehti,NHL:n suomalaissensaatiolla taas huikea ilta – Patrik Laine paukutti tasalukuja täyteen; NHL:n suomalaissensaatio teki sen taas; Leevi Meriläinen torjui Ottawan voittoon toistamiseen – palkittiin ottelun parhaana,https://www.iltalehti.fi/nhl/a/ab03b135-677d-4621-8699-79168c036479; https://www.mtvuutiset.fi/artikkeli/nhl-n-suomalaissensaatio-teki-sen-taas/9082318; https://yle.fi/a/74-20136406,https://encrypted-tbn0.gstatic.com/images?q=tbn:ANd9GcSMtruoTRtDGgdz9Wjtgz684V9MP11qnSByeAUqg25n4w_4Ln9oTEz9rINapvM; https://encrypted-tbn1.gstatic.com/images?q=tbn:ANd9GcT-Lg8iNfp0A1tyOhd2Mr5hzW8VtYd9WJ2q8Y691PTfAtQMqg6xlu_cPtWyWAo; https://encrypted-tbn0.gstatic.com/images?q=tbn:ANd9GcTHWV9MGdCvB8mSCQFAHfApoiOLE66W5pFshwHl8zLgJxerTW2z600ipcv9dn4,Iltalehti; mtvuutiset.fi; Yle
FI,samuli putro,https://trends.google.com/trending/rss?geo=FI,"Tue, 14 Jan 2025 20:50:00 -0800",100+,,https://encrypted-tbn0.gstatic.com/images?q=tbn:ANd9GcQ_coo5wP6Pl_qXocIGzc7ACw2MVUUxKCg3gacmmjzVHEM2XLXX2XbGI0UtYFE,Iltalehti,Kirja: Samuli Putro löysi naisystävänsä puhelimesta salatut viestit – Totuus valkeni heti,https://www.iltalehti.fi/viihdeuutiset/a/1ee7ecab-4679-4e75-bae9-effb85b7dc44,https://encrypted-tbn0.gstatic.com/images?q=tbn:ANd9GcQ_coo5wP6Pl_qXocIGzc7ACw2MVUUxKCg3gacmmjzVHEM2XLXX2XbGI0UtYFE,Iltalehti
